Variant,Model,RevIN,Loss,HMM,SeqLen,ValMSE,File
Multivariate,NLinear,NoRevIN,Huber,NoHMM,7,72.96929168701172,Sub_Multivariate_NLinear_NoRevIN_Huber_NoHMM_Seq7_MSE73.csv
Multivariate,NLinear,NoRevIN,MSE,NoHMM,7,72.96930694580078,Sub_Multivariate_NLinear_NoRevIN_MSE_NoHMM_Seq7_MSE73.csv
Multivariate,NLinear,NoRevIN,Huber,NoHMM,15,73.03954315185547,Sub_Multivariate_NLinear_NoRevIN_Huber_NoHMM_Seq15_MSE73.csv
Multivariate,NLinear,NoRevIN,MSE,NoHMM,15,73.03959655761719,Sub_Multivariate_NLinear_NoRevIN_MSE_NoHMM_Seq15_MSE73.csv
Univariate,NLinear,NoRevIN,MSE,NoHMM,7,73.57453918457031,Sub_Univariate_NLinear_NoRevIN_MSE_NoHMM_Seq7_MSE74.csv
Univariate,NLinear,NoRevIN,Huber,NoHMM,7,73.57479858398438,Sub_Univariate_NLinear_NoRevIN_Huber_NoHMM_Seq7_MSE74.csv
Multivariate,NLinear,NoRevIN,MSE,NoHMM,60,74.04996490478516,Sub_Multivariate_NLinear_NoRevIN_MSE_NoHMM_Seq60_MSE74.csv
Multivariate,NLinear,NoRevIN,Huber,NoHMM,60,74.05394744873047,Sub_Multivariate_NLinear_NoRevIN_Huber_NoHMM_Seq60_MSE74.csv
Univariate,NLinear,NoRevIN,MAE,NoHMM,7,74.24512481689453,Sub_Univariate_NLinear_NoRevIN_MAE_NoHMM_Seq7_MSE74.csv
Multivariate,NLinear,NoRevIN,MAE,NoHMM,7,74.35470581054688,Sub_Multivariate_NLinear_NoRevIN_MAE_NoHMM_Seq7_MSE74.csv
Univariate,NLinear,NoRevIN,MSE,NoHMM,15,74.38479614257812,Sub_Univariate_NLinear_NoRevIN_MSE_NoHMM_Seq15_MSE74.csv
Univariate,NLinear,NoRevIN,Huber,NoHMM,15,74.3849868774414,Sub_Univariate_NLinear_NoRevIN_Huber_NoHMM_Seq15_MSE74.csv
Multivariate,Linear,RevIN,Huber,NoHMM,60,74.95893096923828,Sub_Multivariate_Linear_RevIN_Huber_NoHMM_Seq60_MSE75.csv
Multivariate,Linear,RevIN,MSE,NoHMM,60,74.96224975585938,Sub_Multivariate_Linear_RevIN_MSE_NoHMM_Seq60_MSE75.csv
Univariate,NLinear,NoRevIN,MAE,NoHMM,15,75.3088607788086,Sub_Univariate_NLinear_NoRevIN_MAE_NoHMM_Seq15_MSE75.csv
Univariate,NLinear,NoRevIN,Huber,HMM3W30,7,76.0244140625,Sub_Univariate_NLinear_NoRevIN_Huber_HMM3W30_Seq7_MSE76.csv
Univariate,NLinear,NoRevIN,MSE,HMM3W30,7,76.02535247802734,Sub_Univariate_NLinear_NoRevIN_MSE_HMM3W30_Seq7_MSE76.csv
Multivariate,DLinear,RevIN,Huber,NoHMM,60,76.33519744873047,Sub_Multivariate_DLinear_RevIN_Huber_NoHMM_Seq60_MSE76.csv
Multivariate,DLinear,RevIN,MSE,NoHMM,60,76.3421859741211,Sub_Multivariate_DLinear_RevIN_MSE_NoHMM_Seq60_MSE76.csv
Multivariate,NLinear,NoRevIN,MSE,NoHMM,30,76.66485595703125,Sub_Multivariate_NLinear_NoRevIN_MSE_NoHMM_Seq30_MSE77.csv
Multivariate,NLinear,NoRevIN,Huber,NoHMM,30,76.66670989990234,Sub_Multivariate_NLinear_NoRevIN_Huber_NoHMM_Seq30_MSE77.csv
Multivariate,NLinear,NoRevIN,Huber,HMM4W30,7,77.05614471435547,Sub_Multivariate_NLinear_NoRevIN_Huber_HMM4W30_Seq7_MSE77.csv
Multivariate,NLinear,NoRevIN,MSE,HMM4W30,7,77.05895233154297,Sub_Multivariate_NLinear_NoRevIN_MSE_HMM4W30_Seq7_MSE77.csv
Univariate,NLinear,NoRevIN,MAE,HMM3W30,7,77.66019439697266,Sub_Univariate_NLinear_NoRevIN_MAE_HMM3W30_Seq7_MSE78.csv
Multivariate,NLinear,NoRevIN,Huber,HMM3W30,7,78.59483337402344,Sub_Multivariate_NLinear_NoRevIN_Huber_HMM3W30_Seq7_MSE79.csv
Multivariate,NLinear,NoRevIN,MSE,HMM3W30,7,78.59622955322266,Sub_Multivariate_NLinear_NoRevIN_MSE_HMM3W30_Seq7_MSE79.csv
Univariate,NLinear,NoRevIN,Huber,HMM3W30,15,78.99823760986328,Sub_Univariate_NLinear_NoRevIN_Huber_HMM3W30_Seq15_MSE79.csv
Univariate,NLinear,NoRevIN,MSE,HMM3W30,15,78.99848937988281,Sub_Univariate_NLinear_NoRevIN_MSE_HMM3W30_Seq15_MSE79.csv
Multivariate,NLinear,NoRevIN,MAE,NoHMM,15,79.10380554199219,Sub_Multivariate_NLinear_NoRevIN_MAE_NoHMM_Seq15_MSE79.csv
Multivariate,NLinear,NoRevIN,MAE,HMM4W30,7,79.17719268798828,Sub_Multivariate_NLinear_NoRevIN_MAE_HMM4W30_Seq7_MSE79.csv
Univariate,NLinear,NoRevIN,MAE,NoHMM,30,79.18541717529297,Sub_Univariate_NLinear_NoRevIN_MAE_NoHMM_Seq30_MSE79.csv
Univariate,NLinear,NoRevIN,Huber,HMM4W30,7,79.7968521118164,Sub_Univariate_NLinear_NoRevIN_Huber_HMM4W30_Seq7_MSE80.csv
Univariate,NLinear,NoRevIN,MSE,HMM4W30,7,79.79796600341797,Sub_Univariate_NLinear_NoRevIN_MSE_HMM4W30_Seq7_MSE80.csv
Univariate,NLinear,NoRevIN,MAE,HMM3W30,15,79.81523895263672,Sub_Univariate_NLinear_NoRevIN_MAE_HMM3W30_Seq15_MSE80.csv
Multivariate,DLinear,RevIN,Huber,HMM4W30,7,80.08675384521484,Sub_Multivariate_DLinear_RevIN_Huber_HMM4W30_Seq7_MSE80.csv
Multivariate,DLinear,RevIN,MSE,HMM4W30,7,80.0938720703125,Sub_Multivariate_DLinear_RevIN_MSE_HMM4W30_Seq7_MSE80.csv
Univariate,NLinear,NoRevIN,MSE,NoHMM,30,80.53284454345703,Sub_Univariate_NLinear_NoRevIN_MSE_NoHMM_Seq30_MSE81.csv
Univariate,NLinear,NoRevIN,Huber,NoHMM,30,80.53302764892578,Sub_Univariate_NLinear_NoRevIN_Huber_NoHMM_Seq30_MSE81.csv
Multivariate,Linear,RevIN,Huber,HMM4W30,7,80.57088470458984,Sub_Multivariate_Linear_RevIN_Huber_HMM4W30_Seq7_MSE81.csv
Multivariate,Linear,RevIN,MSE,HMM4W30,7,80.57257843017578,Sub_Multivariate_Linear_RevIN_MSE_HMM4W30_Seq7_MSE81.csv
Univariate,NLinear,NoRevIN,MAE,HMM4W30,7,81.35123443603516,Sub_Univariate_NLinear_NoRevIN_MAE_HMM4W30_Seq7_MSE81.csv
Multivariate,NLinear,NoRevIN,MAE,HMM3W30,7,81.81855773925781,Sub_Multivariate_NLinear_NoRevIN_MAE_HMM3W30_Seq7_MSE82.csv
Univariate,NLinear,NoRevIN,Huber,HMM3W30,30,82.40410614013672,Sub_Univariate_NLinear_NoRevIN_Huber_HMM3W30_Seq30_MSE82.csv
Univariate,NLinear,NoRevIN,MSE,HMM3W30,30,82.40438842773438,Sub_Univariate_NLinear_NoRevIN_MSE_HMM3W30_Seq30_MSE82.csv
Univariate,NLinear,NoRevIN,MAE,NoHMM,60,83.16972351074219,Sub_Univariate_NLinear_NoRevIN_MAE_NoHMM_Seq60_MSE83.csv
Univariate,DLinear,RevIN,MSE,HMM4W30,7,83.53204345703125,Sub_Univariate_DLinear_RevIN_MSE_HMM4W30_Seq7_MSE84.csv
Univariate,DLinear,RevIN,Huber,HMM4W30,7,83.53216552734375,Sub_Univariate_DLinear_RevIN_Huber_HMM4W30_Seq7_MSE84.csv
Multivariate,NLinear,NoRevIN,MAE,NoHMM,60,83.80304718017578,Sub_Multivariate_NLinear_NoRevIN_MAE_NoHMM_Seq60_MSE84.csv
Multivariate,DLinear,RevIN,MSE,HMM3W30,7,84.50768280029297,Sub_Multivariate_DLinear_RevIN_MSE_HMM3W30_Seq7_MSE85.csv
Multivariate,DLinear,RevIN,Huber,HMM3W30,7,84.51781463623047,Sub_Multivariate_DLinear_RevIN_Huber_HMM3W30_Seq7_MSE85.csv
Multivariate,Linear,RevIN,MSE,NoHMM,30,84.67611694335938,Sub_Multivariate_Linear_RevIN_MSE_NoHMM_Seq30_MSE85.csv
Multivariate,Linear,RevIN,Huber,NoHMM,30,84.67634582519531,Sub_Multivariate_Linear_RevIN_Huber_NoHMM_Seq30_MSE85.csv
Multivariate,DLinear,RevIN,MSE,NoHMM,30,84.83099365234375,Sub_Multivariate_DLinear_RevIN_MSE_NoHMM_Seq30_MSE85.csv
Multivariate,DLinear,RevIN,Huber,NoHMM,30,84.83666229248047,Sub_Multivariate_DLinear_RevIN_Huber_NoHMM_Seq30_MSE85.csv
Univariate,NLinear,NoRevIN,MAE,HMM3W60,7,84.87049865722656,Sub_Univariate_NLinear_NoRevIN_MAE_HMM3W60_Seq7_MSE85.csv
Multivariate,NLinear,NoRevIN,Huber,HMM3W30,15,84.95294952392578,Sub_Multivariate_NLinear_NoRevIN_Huber_HMM3W30_Seq15_MSE85.csv
Multivariate,NLinear,NoRevIN,MSE,HMM3W30,15,84.95515441894531,Sub_Multivariate_NLinear_NoRevIN_MSE_HMM3W30_Seq15_MSE85.csv
Multivariate,Linear,RevIN,MSE,HMM3W30,7,84.99544525146484,Sub_Multivariate_Linear_RevIN_MSE_HMM3W30_Seq7_MSE85.csv
Multivariate,Linear,RevIN,Huber,HMM3W30,7,84.99809265136719,Sub_Multivariate_Linear_RevIN_Huber_HMM3W30_Seq7_MSE85.csv
Univariate,NLinear,NoRevIN,Huber,HMM3W60,7,85.21217346191406,Sub_Univariate_NLinear_NoRevIN_Huber_HMM3W60_Seq7_MSE85.csv
Univariate,NLinear,NoRevIN,MSE,HMM3W60,7,85.21372985839844,Sub_Univariate_NLinear_NoRevIN_MSE_HMM3W60_Seq7_MSE85.csv
Univariate,NLinear,NoRevIN,MAE,HMM3W30,30,85.60867309570312,Sub_Univariate_NLinear_NoRevIN_MAE_HMM3W30_Seq30_MSE86.csv
Univariate,Linear,RevIN,MSE,HMM4W30,7,85.62628936767578,Sub_Univariate_Linear_RevIN_MSE_HMM4W30_Seq7_MSE86.csv
Univariate,Linear,RevIN,Huber,HMM4W30,7,85.62973022460938,Sub_Univariate_Linear_RevIN_Huber_HMM4W30_Seq7_MSE86.csv
Multivariate,Linear,RevIN,Huber,HMM3W30,60,85.72956848144531,Sub_Multivariate_Linear_RevIN_Huber_HMM3W30_Seq60_MSE86.csv
Multivariate,Linear,RevIN,MSE,HMM3W30,60,85.73788452148438,Sub_Multivariate_Linear_RevIN_MSE_HMM3W30_Seq60_MSE86.csv
Multivariate,DLinear,RevIN,MAE,NoHMM,30,86.24793243408203,Sub_Multivariate_DLinear_RevIN_MAE_NoHMM_Seq30_MSE86.csv
Multivariate,NLinear,NoRevIN,MAE,NoHMM,30,86.5215072631836,Sub_Multivariate_NLinear_NoRevIN_MAE_NoHMM_Seq30_MSE87.csv
Univariate,NLinear,NoRevIN,Huber,NoHMM,60,86.58389282226562,Sub_Univariate_NLinear_NoRevIN_Huber_NoHMM_Seq60_MSE87.csv
Univariate,NLinear,NoRevIN,MSE,NoHMM,60,86.58393096923828,Sub_Univariate_NLinear_NoRevIN_MSE_NoHMM_Seq60_MSE87.csv
Multivariate,DLinear,RevIN,MAE,HMM4W30,7,86.9951400756836,Sub_Multivariate_DLinear_RevIN_MAE_HMM4W30_Seq7_MSE87.csv
Multivariate,Linear,RevIN,MAE,NoHMM,30,87.3079605102539,Sub_Multivariate_Linear_RevIN_MAE_NoHMM_Seq30_MSE87.csv
Multivariate,NLinear,NoRevIN,Huber,HMM3W60,7,87.63985443115234,Sub_Multivariate_NLinear_NoRevIN_Huber_HMM3W60_Seq7_MSE88.csv
Multivariate,NLinear,NoRevIN,MSE,HMM3W60,7,87.64164733886719,Sub_Multivariate_NLinear_NoRevIN_MSE_HMM3W60_Seq7_MSE88.csv
Univariate,NLinear,NoRevIN,Huber,NoHMM,120,87.73600769042969,Sub_Univariate_NLinear_NoRevIN_Huber_NoHMM_Seq120_MSE88.csv
Univariate,NLinear,NoRevIN,MSE,NoHMM,120,87.73616790771484,Sub_Univariate_NLinear_NoRevIN_MSE_NoHMM_Seq120_MSE88.csv
Univariate,NLinear,NoRevIN,Huber,HMM3W60,15,87.92618560791016,Sub_Univariate_NLinear_NoRevIN_Huber_HMM3W60_Seq15_MSE88.csv
Univariate,NLinear,NoRevIN,MSE,HMM3W60,15,87.9267349243164,Sub_Univariate_NLinear_NoRevIN_MSE_HMM3W60_Seq15_MSE88.csv
Univariate,NLinear,NoRevIN,MAE,HMM3W60,15,88.70291900634766,Sub_Univariate_NLinear_NoRevIN_MAE_HMM3W60_Seq15_MSE89.csv
Multivariate,Linear,RevIN,MAE,HMM4W30,7,89.17970275878906,Sub_Multivariate_Linear_RevIN_MAE_HMM4W30_Seq7_MSE89.csv
Univariate,NLinear,NoRevIN,Huber,HMM3W60,30,89.21055603027344,Sub_Univariate_NLinear_NoRevIN_Huber_HMM3W60_Seq30_MSE89.csv
Univariate,NLinear,NoRevIN,MSE,HMM3W60,30,89.2109603881836,Sub_Univariate_NLinear_NoRevIN_MSE_HMM3W60_Seq30_MSE89.csv
Univariate,NLinear,NoRevIN,MAE,HMM3W30,60,89.51831817626953,Sub_Univariate_NLinear_NoRevIN_MAE_HMM3W30_Seq60_MSE90.csv
Multivariate,NLinear,NoRevIN,MAE,HMM3W30,15,90.174072265625,Sub_Multivariate_NLinear_NoRevIN_MAE_HMM3W30_Seq15_MSE90.csv
Multivariate,NLinear,NoRevIN,MAE,HMM3W60,7,90.44047546386719,Sub_Multivariate_NLinear_NoRevIN_MAE_HMM3W60_Seq7_MSE90.csv
Multivariate,DLinear,RevIN,MSE,NoHMM,7,90.63001251220703,Sub_Multivariate_DLinear_RevIN_MSE_NoHMM_Seq7_MSE91.csv
Multivariate,DLinear,RevIN,Huber,NoHMM,7,90.63282775878906,Sub_Multivariate_DLinear_RevIN_Huber_NoHMM_Seq7_MSE91.csv
Univariate,DLinear,RevIN,MAE,HMM4W30,7,90.66200256347656,Sub_Univariate_DLinear_RevIN_MAE_HMM4W30_Seq7_MSE91.csv
Multivariate,Linear,RevIN,MSE,NoHMM,7,90.96390533447266,Sub_Multivariate_Linear_RevIN_MSE_NoHMM_Seq7_MSE91.csv
Multivariate,Linear,RevIN,Huber,NoHMM,7,90.96642303466797,Sub_Multivariate_Linear_RevIN_Huber_NoHMM_Seq7_MSE91.csv
Multivariate,Linear,RevIN,Huber,HMM3W30,30,91.51630401611328,Sub_Multivariate_Linear_RevIN_Huber_HMM3W30_Seq30_MSE92.csv
Multivariate,Linear,RevIN,MSE,HMM3W30,30,91.51819610595703,Sub_Multivariate_Linear_RevIN_MSE_HMM3W30_Seq30_MSE92.csv
Univariate,NLinear,NoRevIN,Huber,HMM3W30,60,91.62067413330078,Sub_Univariate_NLinear_NoRevIN_Huber_HMM3W30_Seq60_MSE92.csv
Univariate,NLinear,NoRevIN,MSE,HMM3W30,60,91.6210708618164,Sub_Univariate_NLinear_NoRevIN_MSE_HMM3W30_Seq60_MSE92.csv
Univariate,NLinear,NoRevIN,MAE,HMM4W30,15,91.75,Sub_Univariate_NLinear_NoRevIN_MAE_HMM4W30_Seq15_MSE92.csv
Multivariate,DLinear,RevIN,MAE,NoHMM,7,91.8592758178711,Sub_Multivariate_DLinear_RevIN_MAE_NoHMM_Seq7_MSE92.csv
Univariate,DLinear,RevIN,MSE,NoHMM,7,92.19883728027344,Sub_Univariate_DLinear_RevIN_MSE_NoHMM_Seq7_MSE92.csv
Univariate,DLinear,RevIN,Huber,NoHMM,7,92.2005844116211,Sub_Univariate_DLinear_RevIN_Huber_NoHMM_Seq7_MSE92.csv
Univariate,Linear,RevIN,MSE,NoHMM,7,92.20478820800781,Sub_Univariate_Linear_RevIN_MSE_NoHMM_Seq7_MSE92.csv
Univariate,Linear,RevIN,Huber,NoHMM,7,92.2059555053711,Sub_Univariate_Linear_RevIN_Huber_NoHMM_Seq7_MSE92.csv
Multivariate,DLinear,RevIN,Huber,HMM3W30,30,92.3603744506836,Sub_Multivariate_DLinear_RevIN_Huber_HMM3W30_Seq30_MSE92.csv
Multivariate,DLinear,RevIN,MSE,HMM3W30,30,92.36357879638672,Sub_Multivariate_DLinear_RevIN_MSE_HMM3W30_Seq30_MSE92.csv
Multivariate,Linear,RevIN,MAE,HMM3W30,7,92.4806137084961,Sub_Multivariate_Linear_RevIN_MAE_HMM3W30_Seq7_MSE92.csv
Multivariate,DLinear,RevIN,Huber,HMM3W30,15,92.62593841552734,Sub_Multivariate_DLinear_RevIN_Huber_HMM3W30_Seq15_MSE93.csv
Multivariate,DLinear,RevIN,MSE,HMM3W30,15,92.63003540039062,Sub_Multivariate_DLinear_RevIN_MSE_HMM3W30_Seq15_MSE93.csv
Multivariate,Linear,RevIN,MAE,NoHMM,7,92.630859375,Sub_Multivariate_Linear_RevIN_MAE_NoHMM_Seq7_MSE93.csv
Univariate,Linear,RevIN,MAE,HMM4W30,7,92.84857940673828,Sub_Univariate_Linear_RevIN_MAE_HMM4W30_Seq7_MSE93.csv
Multivariate,DLinear,RevIN,MSE,NoHMM,15,92.9479751586914,Sub_Multivariate_DLinear_RevIN_MSE_NoHMM_Seq15_MSE93.csv
Multivariate,DLinear,RevIN,Huber,NoHMM,15,93.0430908203125,Sub_Multivariate_DLinear_RevIN_Huber_NoHMM_Seq15_MSE93.csv
Univariate,NLinear,NoRevIN,Huber,HMM4W30,15,93.0639877319336,Sub_Univariate_NLinear_NoRevIN_Huber_HMM4W30_Seq15_MSE93.csv
Univariate,NLinear,NoRevIN,MSE,HMM4W30,15,93.06482696533203,Sub_Univariate_NLinear_NoRevIN_MSE_HMM4W30_Seq15_MSE93.csv
Univariate,DLinear,RevIN,MSE,NoHMM,15,93.12213897705078,Sub_Univariate_DLinear_RevIN_MSE_NoHMM_Seq15_MSE93.csv
Univariate,DLinear,RevIN,Huber,NoHMM,15,93.12327575683594,Sub_Univariate_DLinear_RevIN_Huber_NoHMM_Seq15_MSE93.csv
Multivariate,DLinear,RevIN,MAE,HMM3W30,30,93.25724029541016,Sub_Multivariate_DLinear_RevIN_MAE_HMM3W30_Seq30_MSE93.csv
Univariate,Linear,RevIN,MSE,NoHMM,15,93.25993347167969,Sub_Univariate_Linear_RevIN_MSE_NoHMM_Seq15_MSE93.csv
Univariate,Linear,RevIN,Huber,NoHMM,15,93.26118469238281,Sub_Univariate_Linear_RevIN_Huber_NoHMM_Seq15_MSE93.csv
Univariate,DLinear,RevIN,MAE,NoHMM,7,93.32819366455078,Sub_Univariate_DLinear_RevIN_MAE_NoHMM_Seq7_MSE93.csv
Multivariate,Linear,RevIN,Huber,HMM3W30,15,93.44112396240234,Sub_Multivariate_Linear_RevIN_Huber_HMM3W30_Seq15_MSE93.csv
Multivariate,Linear,RevIN,MSE,HMM3W30,15,93.4411392211914,Sub_Multivariate_Linear_RevIN_MSE_HMM3W30_Seq15_MSE93.csv
Univariate,Linear,RevIN,MAE,NoHMM,7,93.57881927490234,Sub_Univariate_Linear_RevIN_MAE_NoHMM_Seq7_MSE94.csv
Univariate,NLinear,NoRevIN,MAE,NoHMM,120,93.6446533203125,Sub_Univariate_NLinear_NoRevIN_MAE_NoHMM_Seq120_MSE94.csv
Multivariate,Linear,RevIN,MAE,HMM3W30,30,93.76830291748047,Sub_Multivariate_Linear_RevIN_MAE_HMM3W30_Seq30_MSE94.csv
Multivariate,NLinear,NoRevIN,MSE,HMM3W30,30,93.7947769165039,Sub_Multivariate_NLinear_NoRevIN_MSE_HMM3W30_Seq30_MSE94.csv
Multivariate,NLinear,NoRevIN,Huber,HMM3W30,30,93.79740142822266,Sub_Multivariate_NLinear_NoRevIN_Huber_HMM3W30_Seq30_MSE94.csv
Multivariate,Linear,RevIN,Huber,NoHMM,15,93.93419647216797,Sub_Multivariate_Linear_RevIN_Huber_NoHMM_Seq15_MSE94.csv
Multivariate,Linear,RevIN,MSE,NoHMM,15,93.93568420410156,Sub_Multivariate_Linear_RevIN_MSE_NoHMM_Seq15_MSE94.csv
Univariate,Linear,NoRevIN,Huber,HMM3W30,15,94.07357788085938,Sub_Univariate_Linear_NoRevIN_Huber_HMM3W30_Seq15_MSE94.csv
Univariate,Linear,RevIN,MSE,HMM3W60,60,94.1805419921875,Sub_Univariate_Linear_RevIN_MSE_HMM3W60_Seq60_MSE94.csv
Univariate,Linear,RevIN,Huber,HMM3W60,60,94.18136596679688,Sub_Univariate_Linear_RevIN_Huber_HMM3W60_Seq60_MSE94.csv
Univariate,NLinear,NoRevIN,MAE,HMM3W60,30,94.50373840332031,Sub_Univariate_NLinear_NoRevIN_MAE_HMM3W60_Seq30_MSE95.csv
Multivariate,DLinear,RevIN,MAE,HMM3W30,7,94.51271057128906,Sub_Multivariate_DLinear_RevIN_MAE_HMM3W30_Seq7_MSE95.csv
Multivariate,NLinear,NoRevIN,Huber,HMM3W60,15,94.98011779785156,Sub_Multivariate_NLinear_NoRevIN_Huber_HMM3W60_Seq15_MSE95.csv
Multivariate,NLinear,NoRevIN,MSE,HMM3W60,15,94.98230743408203,Sub_Multivariate_NLinear_NoRevIN_MSE_HMM3W60_Seq15_MSE95.csv
Univariate,Linear,RevIN,MSE,HMM3W30,30,95.3044204711914,Sub_Univariate_Linear_RevIN_MSE_HMM3W30_Seq30_MSE95.csv
Univariate,Linear,RevIN,Huber,HMM3W30,30,95.30484008789062,Sub_Univariate_Linear_RevIN_Huber_HMM3W30_Seq30_MSE95.csv
Univariate,NLinear,NoRevIN,Huber,HMM3W60,60,95.43531799316406,Sub_Univariate_NLinear_NoRevIN_Huber_HMM3W60_Seq60_MSE95.csv
Univariate,NLinear,NoRevIN,MSE,HMM3W60,60,95.43745422363281,Sub_Univariate_NLinear_NoRevIN_MSE_HMM3W60_Seq60_MSE95.csv
Multivariate,DLinear,RevIN,MAE,NoHMM,15,95.519287109375,Sub_Multivariate_DLinear_RevIN_MAE_NoHMM_Seq15_MSE96.csv
Univariate,DLinear,RevIN,MSE,HMM3W60,60,95.66654205322266,Sub_Univariate_DLinear_RevIN_MSE_HMM3W60_Seq60_MSE96.csv
Univariate,DLinear,RevIN,Huber,HMM3W60,60,95.66727447509766,Sub_Univariate_DLinear_RevIN_Huber_HMM3W60_Seq60_MSE96.csv
Univariate,DLinear,RevIN,MAE,NoHMM,15,95.93849182128906,Sub_Univariate_DLinear_RevIN_MAE_NoHMM_Seq15_MSE96.csv
Univariate,DLinear,RevIN,Huber,HMM3W30,30,96.05097198486328,Sub_Univariate_DLinear_RevIN_Huber_HMM3W30_Seq30_MSE96.csv
Univariate,Linear,NoRevIN,MSE,NoHMM,15,96.05218505859375,Sub_Univariate_Linear_NoRevIN_MSE_NoHMM_Seq15_MSE96.csv
Univariate,DLinear,RevIN,MSE,HMM3W30,30,96.0550537109375,Sub_Univariate_DLinear_RevIN_MSE_HMM3W30_Seq30_MSE96.csv
Univariate,Linear,RevIN,Huber,HMM3W60,30,96.16337585449219,Sub_Univariate_Linear_RevIN_Huber_HMM3W60_Seq30_MSE96.csv
Univariate,Linear,RevIN,MSE,HMM3W60,30,96.1634521484375,Sub_Univariate_Linear_RevIN_MSE_HMM3W60_Seq30_MSE96.csv
Univariate,Linear,RevIN,MAE,NoHMM,15,96.24412536621094,Sub_Univariate_Linear_RevIN_MAE_NoHMM_Seq15_MSE96.csv
Univariate,Linear,NoRevIN,Huber,HMM3W60,15,96.6539535522461,Sub_Univariate_Linear_NoRevIN_Huber_HMM3W60_Seq15_MSE97.csv
Multivariate,Linear,RevIN,MAE,NoHMM,15,96.67570495605469,Sub_Multivariate_Linear_RevIN_MAE_NoHMM_Seq15_MSE97.csv
Multivariate,DLinear,RevIN,MAE,HMM3W30,15,96.72331237792969,Sub_Multivariate_DLinear_RevIN_MAE_HMM3W30_Seq15_MSE97.csv
Univariate,Linear,NoRevIN,Huber,NoHMM,15,96.81945037841797,Sub_Univariate_Linear_NoRevIN_Huber_NoHMM_Seq15_MSE97.csv
Univariate,Linear,NoRevIN,Huber,HMM3W30,30,96.85557556152344,Sub_Univariate_Linear_NoRevIN_Huber_HMM3W30_Seq30_MSE97.csv
Univariate,Linear,NoRevIN,MSE,HMM3W30,30,97.0811996459961,Sub_Univariate_Linear_NoRevIN_MSE_HMM3W30_Seq30_MSE97.csv
Univariate,Linear,NoRevIN,MAE,HMM3W30,15,97.1926498413086,Sub_Univariate_Linear_NoRevIN_MAE_HMM3W30_Seq15_MSE97.csv
Univariate,Linear,NoRevIN,Huber,NoHMM,30,97.27348327636719,Sub_Univariate_Linear_NoRevIN_Huber_NoHMM_Seq30_MSE97.csv
Multivariate,DLinear,RevIN,Huber,HMM3W30,60,97.47076416015625,Sub_Multivariate_DLinear_RevIN_Huber_HMM3W30_Seq60_MSE97.csv
Multivariate,DLinear,RevIN,MSE,HMM3W30,60,97.50052642822266,Sub_Multivariate_DLinear_RevIN_MSE_HMM3W30_Seq60_MSE98.csv
Univariate,DLinear,RevIN,MSE,HMM3W30,15,97.62937927246094,Sub_Univariate_DLinear_RevIN_MSE_HMM3W30_Seq15_MSE98.csv
Univariate,DLinear,RevIN,Huber,HMM3W30,15,97.63174438476562,Sub_Univariate_DLinear_RevIN_Huber_HMM3W30_Seq15_MSE98.csv
Univariate,Linear,NoRevIN,MSE,HMM3W60,15,97.7078628540039,Sub_Univariate_Linear_NoRevIN_MSE_HMM3W60_Seq15_MSE98.csv
Univariate,Linear,NoRevIN,MSE,NoHMM,30,97.83159637451172,Sub_Univariate_Linear_NoRevIN_MSE_NoHMM_Seq30_MSE98.csv
Univariate,Linear,NoRevIN,Huber,HMM4W30,30,97.87149047851562,Sub_Univariate_Linear_NoRevIN_Huber_HMM4W30_Seq30_MSE98.csv
Univariate,Linear,NoRevIN,MSE,HMM4W30,30,97.9334716796875,Sub_Univariate_Linear_NoRevIN_MSE_HMM4W30_Seq30_MSE98.csv
Multivariate,Linear,RevIN,MAE,HMM3W30,15,98.11072540283203,Sub_Multivariate_Linear_RevIN_MAE_HMM3W30_Seq15_MSE98.csv
Univariate,Linear,NoRevIN,MAE,HMM3W60,15,98.16358184814453,Sub_Univariate_Linear_NoRevIN_MAE_HMM3W60_Seq15_MSE98.csv
Multivariate,NLinear,NoRevIN,MAE,HMM3W60,15,98.29290008544922,Sub_Multivariate_NLinear_NoRevIN_MAE_HMM3W60_Seq15_MSE98.csv
Univariate,Linear,NoRevIN,MAE,HMM4W30,30,98.32894897460938,Sub_Univariate_Linear_NoRevIN_MAE_HMM4W30_Seq30_MSE98.csv
Univariate,Linear,NoRevIN,MSE,HMM3W30,15,98.33942413330078,Sub_Univariate_Linear_NoRevIN_MSE_HMM3W30_Seq15_MSE98.csv
Univariate,Linear,RevIN,MSE,HMM3W30,15,98.45779418945312,Sub_Univariate_Linear_RevIN_MSE_HMM3W30_Seq15_MSE98.csv
Univariate,Linear,RevIN,Huber,HMM3W30,15,98.46088409423828,Sub_Univariate_Linear_RevIN_Huber_HMM3W30_Seq15_MSE98.csv
Univariate,Linear,NoRevIN,MAE,HMM3W30,30,98.73834228515625,Sub_Univariate_Linear_NoRevIN_MAE_HMM3W30_Seq30_MSE99.csv
Univariate,DLinear,RevIN,Huber,HMM3W60,30,98.87398529052734,Sub_Univariate_DLinear_RevIN_Huber_HMM3W60_Seq30_MSE99.csv
Univariate,DLinear,RevIN,MSE,HMM3W60,30,98.87496948242188,Sub_Univariate_DLinear_RevIN_MSE_HMM3W60_Seq30_MSE99.csv
Univariate,Linear,NoRevIN,MAE,NoHMM,15,99.0888442993164,Sub_Univariate_Linear_NoRevIN_MAE_NoHMM_Seq15_MSE99.csv
Univariate,Linear,NoRevIN,Huber,HMM3W60,30,99.2640151977539,Sub_Univariate_Linear_NoRevIN_Huber_HMM3W60_Seq30_MSE99.csv
Univariate,Linear,RevIN,MAE,HMM3W60,30,99.2798843383789,Sub_Univariate_Linear_RevIN_MAE_HMM3W60_Seq30_MSE99.csv
Univariate,Linear,NoRevIN,MSE,HMM3W60,30,99.53125,Sub_Univariate_Linear_NoRevIN_MSE_HMM3W60_Seq30_MSE100.csv
Univariate,DLinear,NoRevIN,MSE,HMM3W30,30,99.84651947021484,Sub_Univariate_DLinear_NoRevIN_MSE_HMM3W30_Seq30_MSE100.csv
Univariate,Linear,RevIN,MAE,HMM3W30,30,100.04962921142578,Sub_Univariate_Linear_RevIN_MAE_HMM3W30_Seq30_MSE100.csv
Univariate,DLinear,RevIN,MAE,HMM3W30,30,100.44921112060547,Sub_Univariate_DLinear_RevIN_MAE_HMM3W30_Seq30_MSE100.csv
Multivariate,Linear,RevIN,Huber,HMM3W60,30,100.52056884765625,Sub_Multivariate_Linear_RevIN_Huber_HMM3W60_Seq30_MSE101.csv
Multivariate,Linear,RevIN,MSE,HMM3W60,30,100.5304946899414,Sub_Multivariate_Linear_RevIN_MSE_HMM3W60_Seq30_MSE101.csv
Univariate,DLinear,RevIN,MAE,HMM3W30,15,100.57897186279297,Sub_Univariate_DLinear_RevIN_MAE_HMM3W30_Seq15_MSE101.csv
Univariate,Linear,RevIN,MSE,HMM4W30,15,100.59478759765625,Sub_Univariate_Linear_RevIN_MSE_HMM4W30_Seq15_MSE101.csv
Univariate,Linear,RevIN,Huber,HMM4W30,15,100.59520721435547,Sub_Univariate_Linear_RevIN_Huber_HMM4W30_Seq15_MSE101.csv
Univariate,DLinear,RevIN,MSE,HMM3W30,7,100.80034637451172,Sub_Univariate_DLinear_RevIN_MSE_HMM3W30_Seq7_MSE101.csv
Univariate,DLinear,RevIN,Huber,HMM3W30,7,100.80611419677734,Sub_Univariate_DLinear_RevIN_Huber_HMM3W30_Seq7_MSE101.csv
Multivariate,NLinear,NoRevIN,MAE,HMM3W30,30,100.8436050415039,Sub_Multivariate_NLinear_NoRevIN_MAE_HMM3W30_Seq30_MSE101.csv
Multivariate,NLinear,NoRevIN,Huber,HMM3W60,30,101.04442596435547,Sub_Multivariate_NLinear_NoRevIN_Huber_HMM3W60_Seq30_MSE101.csv
Multivariate,NLinear,NoRevIN,MSE,HMM3W60,30,101.04774475097656,Sub_Multivariate_NLinear_NoRevIN_MSE_HMM3W60_Seq30_MSE101.csv
Univariate,DLinear,RevIN,MAE,HMM3W30,7,101.09706115722656,Sub_Univariate_DLinear_RevIN_MAE_HMM3W30_Seq7_MSE101.csv
Univariate,DLinear,RevIN,Huber,HMM4W30,15,101.32634735107422,Sub_Univariate_DLinear_RevIN_Huber_HMM4W30_Seq15_MSE101.csv
Univariate,DLinear,RevIN,MSE,HMM4W30,15,101.32891082763672,Sub_Univariate_DLinear_RevIN_MSE_HMM4W30_Seq15_MSE101.csv
Univariate,NLinear,NoRevIN,MAE,HMM3W60,60,101.412841796875,Sub_Univariate_NLinear_NoRevIN_MAE_HMM3W60_Seq60_MSE101.csv
Univariate,Linear,RevIN,MSE,NoHMM,120,101.43140411376953,Sub_Univariate_Linear_RevIN_MSE_NoHMM_Seq120_MSE101.csv
Univariate,Linear,RevIN,Huber,NoHMM,120,101.43177795410156,Sub_Univariate_Linear_RevIN_Huber_NoHMM_Seq120_MSE101.csv
Univariate,Linear,NoRevIN,MSE,HMM4W30,15,101.92536163330078,Sub_Univariate_Linear_NoRevIN_MSE_HMM4W30_Seq15_MSE102.csv
Univariate,DLinear,NoRevIN,Huber,HMM3W30,30,101.9572982788086,Sub_Univariate_DLinear_NoRevIN_Huber_HMM3W30_Seq30_MSE102.csv
Univariate,DLinear,RevIN,MSE,NoHMM,120,102.21070861816406,Sub_Univariate_DLinear_RevIN_MSE_NoHMM_Seq120_MSE102.csv
Univariate,DLinear,RevIN,Huber,NoHMM,120,102.21084594726562,Sub_Univariate_DLinear_RevIN_Huber_NoHMM_Seq120_MSE102.csv
Univariate,Linear,RevIN,MAE,NoHMM,30,102.35352325439453,Sub_Univariate_Linear_RevIN_MAE_NoHMM_Seq30_MSE102.csv
Univariate,DLinear,NoRevIN,Huber,NoHMM,120,102.65812683105469,Sub_Univariate_DLinear_NoRevIN_Huber_NoHMM_Seq120_MSE103.csv
Univariate,DLinear,NoRevIN,Huber,HMM3W60,30,102.76089477539062,Sub_Univariate_DLinear_NoRevIN_Huber_HMM3W60_Seq30_MSE103.csv
Univariate,Linear,NoRevIN,MAE,HMM4W30,15,103.01824188232422,Sub_Univariate_Linear_NoRevIN_MAE_HMM4W30_Seq15_MSE103.csv
Univariate,Linear,NoRevIN,MSE,NoHMM,120,103.04236602783203,Sub_Univariate_Linear_NoRevIN_MSE_NoHMM_Seq120_MSE103.csv
Univariate,DLinear,NoRevIN,Huber,HMM4W30,30,103.10437774658203,Sub_Univariate_DLinear_NoRevIN_Huber_HMM4W30_Seq30_MSE103.csv
Univariate,DLinear,RevIN,MAE,NoHMM,30,103.13408660888672,Sub_Univariate_DLinear_RevIN_MAE_NoHMM_Seq30_MSE103.csv
Univariate,DLinear,RevIN,MAE,HMM3W60,30,103.29566955566406,Sub_Univariate_DLinear_RevIN_MAE_HMM3W60_Seq30_MSE103.csv
Univariate,DLinear,RevIN,MAE,HMM4W30,15,103.45802307128906,Sub_Univariate_DLinear_RevIN_MAE_HMM4W30_Seq15_MSE103.csv
Univariate,DLinear,NoRevIN,MSE,HMM3W60,30,103.53521728515625,Sub_Univariate_DLinear_NoRevIN_MSE_HMM3W60_Seq30_MSE104.csv
Univariate,Linear,NoRevIN,Huber,HMM4W30,15,103.74351501464844,Sub_Univariate_Linear_NoRevIN_Huber_HMM4W30_Seq15_MSE104.csv
Univariate,Linear,NoRevIN,Huber,NoHMM,120,103.89083862304688,Sub_Univariate_Linear_NoRevIN_Huber_NoHMM_Seq120_MSE104.csv
Multivariate,DLinear,RevIN,Huber,HMM3W60,30,103.96185302734375,Sub_Multivariate_DLinear_RevIN_Huber_HMM3W60_Seq30_MSE104.csv
Multivariate,DLinear,RevIN,MSE,HMM3W60,30,103.97602081298828,Sub_Multivariate_DLinear_RevIN_MSE_HMM3W60_Seq30_MSE104.csv
Univariate,Linear,NoRevIN,MAE,HMM3W60,30,104.05921936035156,Sub_Univariate_Linear_NoRevIN_MAE_HMM3W60_Seq30_MSE104.csv
Univariate,Linear,NoRevIN,MAE,NoHMM,120,104.22195434570312,Sub_Univariate_Linear_NoRevIN_MAE_NoHMM_Seq120_MSE104.csv
Univariate,DLinear,NoRevIN,MSE,HMM4W30,30,104.48213958740234,Sub_Univariate_DLinear_NoRevIN_MSE_HMM4W30_Seq30_MSE104.csv
Univariate,NLinear,NoRevIN,MAE,HMM4W60,7,104.50604248046875,Sub_Univariate_NLinear_NoRevIN_MAE_HMM4W60_Seq7_MSE105.csv
Univariate,Linear,RevIN,MAE,HMM4W30,15,104.58637237548828,Sub_Univariate_Linear_RevIN_MAE_HMM4W30_Seq15_MSE105.csv
Univariate,Linear,RevIN,Huber,NoHMM,30,104.79707336425781,Sub_Univariate_Linear_RevIN_Huber_NoHMM_Seq30_MSE105.csv
Univariate,Linear,RevIN,MSE,NoHMM,30,104.79727172851562,Sub_Univariate_Linear_RevIN_MSE_NoHMM_Seq30_MSE105.csv
Univariate,Linear,RevIN,MAE,HMM3W30,15,104.84025573730469,Sub_Univariate_Linear_RevIN_MAE_HMM3W30_Seq15_MSE105.csv
Univariate,DLinear,RevIN,MSE,NoHMM,30,104.90567779541016,Sub_Univariate_DLinear_RevIN_MSE_NoHMM_Seq30_MSE105.csv
Univariate,DLinear,RevIN,Huber,NoHMM,30,104.90640258789062,Sub_Univariate_DLinear_RevIN_Huber_NoHMM_Seq30_MSE105.csv
Multivariate,Linear,RevIN,MAE,HMM3W60,30,106.02994537353516,Sub_Multivariate_Linear_RevIN_MAE_HMM3W60_Seq30_MSE106.csv
Univariate,DLinear,RevIN,MAE,HMM3W60,15,106.04583740234375,Sub_Univariate_DLinear_RevIN_MAE_HMM3W60_Seq15_MSE106.csv
Univariate,Linear,NoRevIN,MAE,NoHMM,30,106.22273254394531,Sub_Univariate_Linear_NoRevIN_MAE_NoHMM_Seq30_MSE106.csv
Univariate,DLinear,NoRevIN,MAE,NoHMM,120,106.23263549804688,Sub_Univariate_DLinear_NoRevIN_MAE_NoHMM_Seq120_MSE106.csv
Univariate,DLinear,NoRevIN,MSE,NoHMM,120,106.60041809082031,Sub_Univariate_DLinear_NoRevIN_MSE_NoHMM_Seq120_MSE107.csv
Univariate,Linear,NoRevIN,Huber,HMM3W60,7,106.65575408935547,Sub_Univariate_Linear_NoRevIN_Huber_HMM3W60_Seq7_MSE107.csv
Univariate,DLinear,NoRevIN,Huber,NoHMM,15,106.8824462890625,Sub_Univariate_DLinear_NoRevIN_Huber_NoHMM_Seq15_MSE107.csv
Univariate,DLinear,NoRevIN,MSE,NoHMM,15,107.00740814208984,Sub_Univariate_DLinear_NoRevIN_MSE_NoHMM_Seq15_MSE107.csv
Univariate,Linear,RevIN,MAE,HMM3W60,60,107.60972595214844,Sub_Univariate_Linear_RevIN_MAE_HMM3W60_Seq60_MSE108.csv
Univariate,Linear,NoRevIN,Huber,HMM4W30,60,107.6290054321289,Sub_Univariate_Linear_NoRevIN_Huber_HMM4W30_Seq60_MSE108.csv
Univariate,Linear,RevIN,MAE,HMM3W60,15,107.772216796875,Sub_Univariate_Linear_RevIN_MAE_HMM3W60_Seq15_MSE108.csv
Univariate,Linear,NoRevIN,MSE,HMM4W30,7,108.20950317382812,Sub_Univariate_Linear_NoRevIN_MSE_HMM4W30_Seq7_MSE108.csv
Univariate,Linear,RevIN,MAE,NoHMM,120,108.3388442993164,Sub_Univariate_Linear_RevIN_MAE_NoHMM_Seq120_MSE108.csv
Multivariate,DLinear,RevIN,MAE,HMM3W60,15,108.4101791381836,Sub_Multivariate_DLinear_RevIN_MAE_HMM3W60_Seq15_MSE108.csv
Univariate,Linear,NoRevIN,MSE,HMM3W60,7,108.68924713134766,Sub_Univariate_Linear_NoRevIN_MSE_HMM3W60_Seq7_MSE109.csv
Univariate,DLinear,RevIN,MAE,NoHMM,120,108.8843765258789,Sub_Univariate_DLinear_RevIN_MAE_NoHMM_Seq120_MSE109.csv
Univariate,Linear,RevIN,MSE,HMM3W30,7,109.09415435791016,Sub_Univariate_Linear_RevIN_MSE_HMM3W30_Seq7_MSE109.csv
Univariate,Linear,RevIN,Huber,HMM3W30,7,109.0958480834961,Sub_Univariate_Linear_RevIN_Huber_HMM3W30_Seq7_MSE109.csv
Multivariate,DLinear,RevIN,MAE,HMM3W60,30,109.1197738647461,Sub_Multivariate_DLinear_RevIN_MAE_HMM3W60_Seq30_MSE109.csv
Univariate,DLinear,RevIN,MAE,HMM3W60,60,109.36043548583984,Sub_Univariate_DLinear_RevIN_MAE_HMM3W60_Seq60_MSE109.csv
Univariate,NLinear,NoRevIN,Huber,HMM4W60,7,109.55802154541016,Sub_Univariate_NLinear_NoRevIN_Huber_HMM4W60_Seq7_MSE110.csv
Univariate,NLinear,NoRevIN,MSE,HMM4W60,7,109.55925750732422,Sub_Univariate_NLinear_NoRevIN_MSE_HMM4W60_Seq7_MSE110.csv
Multivariate,DLinear,RevIN,Huber,HMM4W30,15,109.5797348022461,Sub_Multivariate_DLinear_RevIN_Huber_HMM4W30_Seq15_MSE110.csv
Multivariate,DLinear,RevIN,MSE,HMM4W30,15,109.58203887939453,Sub_Multivariate_DLinear_RevIN_MSE_HMM4W30_Seq15_MSE110.csv
Multivariate,DLinear,RevIN,MAE,HMM4W30,15,109.76884460449219,Sub_Multivariate_DLinear_RevIN_MAE_HMM4W30_Seq15_MSE110.csv
Univariate,Linear,NoRevIN,Huber,HMM4W30,7,109.81956481933594,Sub_Univariate_Linear_NoRevIN_Huber_HMM4W30_Seq7_MSE110.csv
Univariate,Linear,NoRevIN,MSE,HMM4W30,60,109.86443328857422,Sub_Univariate_Linear_NoRevIN_MSE_HMM4W30_Seq60_MSE110.csv
Univariate,DLinear,RevIN,MSE,HMM3W30,60,109.93981170654297,Sub_Univariate_DLinear_RevIN_MSE_HMM3W30_Seq60_MSE110.csv
Univariate,DLinear,RevIN,Huber,HMM3W30,60,109.94063568115234,Sub_Univariate_DLinear_RevIN_Huber_HMM3W30_Seq60_MSE110.csv
Univariate,Linear,NoRevIN,Huber,HMM3W30,7,109.9796371459961,Sub_Univariate_Linear_NoRevIN_Huber_HMM3W30_Seq7_MSE110.csv
Multivariate,NLinear,NoRevIN,MAE,HMM4W60,7,110.82350158691406,Sub_Multivariate_NLinear_NoRevIN_MAE_HMM4W60_Seq7_MSE111.csv
Univariate,DLinear,RevIN,Huber,HMM3W60,15,110.92167663574219,Sub_Univariate_DLinear_RevIN_Huber_HMM3W60_Seq15_MSE111.csv
Univariate,DLinear,RevIN,MSE,HMM3W60,15,110.9262466430664,Sub_Univariate_DLinear_RevIN_MSE_HMM3W60_Seq15_MSE111.csv
Multivariate,Linear,RevIN,Huber,HMM4W30,15,111.04210662841797,Sub_Multivariate_Linear_RevIN_Huber_HMM4W30_Seq15_MSE111.csv
Multivariate,Linear,RevIN,MSE,HMM4W30,15,111.04711151123047,Sub_Multivariate_Linear_RevIN_MSE_HMM4W30_Seq15_MSE111.csv
Univariate,Linear,RevIN,MSE,HMM3W30,60,111.32917022705078,Sub_Univariate_Linear_RevIN_MSE_HMM3W30_Seq60_MSE111.csv
Univariate,Linear,RevIN,Huber,HMM3W30,60,111.33150482177734,Sub_Univariate_Linear_RevIN_Huber_HMM3W30_Seq60_MSE111.csv
Univariate,DLinear,NoRevIN,MAE,HMM3W30,15,111.49212646484375,Sub_Univariate_DLinear_NoRevIN_MAE_HMM3W30_Seq15_MSE111.csv
Univariate,DLinear,RevIN,MAE,HMM3W60,7,111.5445785522461,Sub_Univariate_DLinear_RevIN_MAE_HMM3W60_Seq7_MSE112.csv
Multivariate,NLinear,NoRevIN,Huber,HMM4W60,7,112.00617980957031,Sub_Multivariate_NLinear_NoRevIN_Huber_HMM4W60_Seq7_MSE112.csv
Multivariate,NLinear,NoRevIN,MSE,HMM4W60,7,112.00886535644531,Sub_Multivariate_NLinear_NoRevIN_MSE_HMM4W60_Seq7_MSE112.csv
Multivariate,NLinear,NoRevIN,MAE,HMM3W60,30,112.21813201904297,Sub_Multivariate_NLinear_NoRevIN_MAE_HMM3W60_Seq30_MSE112.csv
Univariate,DLinear,NoRevIN,Huber,HMM3W60,15,112.25147247314453,Sub_Univariate_DLinear_NoRevIN_Huber_HMM3W60_Seq15_MSE112.csv
Univariate,DLinear,RevIN,MSE,HMM3W60,7,112.3457260131836,Sub_Univariate_DLinear_RevIN_MSE_HMM3W60_Seq7_MSE112.csv
Univariate,DLinear,RevIN,Huber,HMM3W60,7,112.35653686523438,Sub_Univariate_DLinear_RevIN_Huber_HMM3W60_Seq7_MSE112.csv
Univariate,Linear,RevIN,MAE,HMM3W30,7,112.48138427734375,Sub_Univariate_Linear_RevIN_MAE_HMM3W30_Seq7_MSE112.csv
Univariate,DLinear,NoRevIN,Huber,HMM3W30,15,112.54930114746094,Sub_Univariate_DLinear_NoRevIN_Huber_HMM3W30_Seq15_MSE113.csv
Univariate,DLinear,NoRevIN,MAE,HMM3W30,30,112.58964538574219,Sub_Univariate_DLinear_NoRevIN_MAE_HMM3W30_Seq30_MSE113.csv
Univariate,Linear,NoRevIN,Huber,NoHMM,60,112.64049530029297,Sub_Univariate_Linear_NoRevIN_Huber_NoHMM_Seq60_MSE113.csv
Univariate,Linear,NoRevIN,Huber,HMM3W60,60,112.65129089355469,Sub_Univariate_Linear_NoRevIN_Huber_HMM3W60_Seq60_MSE113.csv
Multivariate,NLinear,NoRevIN,Huber,NoHMM,120,112.71650695800781,Sub_Multivariate_NLinear_NoRevIN_Huber_NoHMM_Seq120_MSE113.csv
Multivariate,NLinear,NoRevIN,MSE,NoHMM,120,112.72007751464844,Sub_Multivariate_NLinear_NoRevIN_MSE_NoHMM_Seq120_MSE113.csv
Univariate,Linear,NoRevIN,MAE,HMM3W60,7,112.90896606445312,Sub_Univariate_Linear_NoRevIN_MAE_HMM3W60_Seq7_MSE113.csv
Univariate,Linear,RevIN,MAE,NoHMM,60,112.97164154052734,Sub_Univariate_Linear_RevIN_MAE_NoHMM_Seq60_MSE113.csv
Univariate,Linear,NoRevIN,MSE,HMM3W60,60,113.09541320800781,Sub_Univariate_Linear_NoRevIN_MSE_HMM3W60_Seq60_MSE113.csv
Multivariate,DLinear,RevIN,MAE,NoHMM,60,113.33883666992188,Sub_Multivariate_DLinear_RevIN_MAE_NoHMM_Seq60_MSE113.csv
Univariate,NLinear,NoRevIN,Huber,HMM4W30,30,113.5326156616211,Sub_Univariate_NLinear_NoRevIN_Huber_HMM4W30_Seq30_MSE114.csv
Univariate,NLinear,NoRevIN,MSE,HMM4W30,30,113.53704071044922,Sub_Univariate_NLinear_NoRevIN_MSE_HMM4W30_Seq30_MSE114.csv
Univariate,DLinear,NoRevIN,MSE,HMM4W30,60,114.09005737304688,Sub_Univariate_DLinear_NoRevIN_MSE_HMM4W30_Seq60_MSE114.csv
Univariate,Linear,NoRevIN,MSE,HMM3W30,60,114.19677734375,Sub_Univariate_Linear_NoRevIN_MSE_HMM3W30_Seq60_MSE114.csv
Univariate,DLinear,NoRevIN,MSE,HMM3W60,60,114.51129913330078,Sub_Univariate_DLinear_NoRevIN_MSE_HMM3W60_Seq60_MSE115.csv
Multivariate,DLinear,RevIN,Huber,HMM3W60,7,114.56683349609375,Sub_Multivariate_DLinear_RevIN_Huber_HMM3W60_Seq7_MSE115.csv
Multivariate,DLinear,RevIN,MSE,HMM3W60,7,114.76502990722656,Sub_Multivariate_DLinear_RevIN_MSE_HMM3W60_Seq7_MSE115.csv
Univariate,Linear,NoRevIN,MSE,NoHMM,7,114.78605651855469,Sub_Univariate_Linear_NoRevIN_MSE_NoHMM_Seq7_MSE115.csv
Univariate,DLinear,NoRevIN,Huber,HMM3W30,60,115.20994567871094,Sub_Univariate_DLinear_NoRevIN_Huber_HMM3W30_Seq60_MSE115.csv
Univariate,Linear,RevIN,MSE,HMM3W60,15,115.26423645019531,Sub_Univariate_Linear_RevIN_MSE_HMM3W60_Seq15_MSE115.csv
Univariate,Linear,RevIN,Huber,HMM3W60,15,115.26509857177734,Sub_Univariate_Linear_RevIN_Huber_HMM3W60_Seq15_MSE115.csv
Multivariate,Linear,RevIN,MAE,HMM3W60,7,115.31288146972656,Sub_Multivariate_Linear_RevIN_MAE_HMM3W60_Seq7_MSE115.csv
Univariate,NLinear,NoRevIN,MAE,HMM4W60,15,115.3440170288086,Sub_Univariate_NLinear_NoRevIN_MAE_HMM4W60_Seq15_MSE115.csv
Univariate,DLinear,RevIN,MAE,NoHMM,60,115.36235046386719,Sub_Univariate_DLinear_RevIN_MAE_NoHMM_Seq60_MSE115.csv
Multivariate,Linear,RevIN,MSE,HMM3W60,7,115.37635803222656,Sub_Multivariate_Linear_RevIN_MSE_HMM3W60_Seq7_MSE115.csv
Multivariate,Linear,RevIN,Huber,HMM3W60,7,115.3805160522461,Sub_Multivariate_Linear_RevIN_Huber_HMM3W60_Seq7_MSE115.csv
Univariate,Linear,NoRevIN,MSE,HMM3W30,7,115.4895248413086,Sub_Univariate_Linear_NoRevIN_MSE_HMM3W30_Seq7_MSE115.csv
Univariate,Linear,NoRevIN,MAE,HMM3W30,7,115.50186920166016,Sub_Univariate_Linear_NoRevIN_MAE_HMM3W30_Seq7_MSE116.csv
Univariate,DLinear,RevIN,MAE,HMM3W30,60,115.77086639404297,Sub_Univariate_DLinear_RevIN_MAE_HMM3W30_Seq60_MSE116.csv
Univariate,Linear,RevIN,MAE,HMM3W60,7,115.85490417480469,Sub_Univariate_Linear_RevIN_MAE_HMM3W60_Seq7_MSE116.csv
Univariate,Linear,RevIN,MAE,HMM3W30,60,115.9231948852539,Sub_Univariate_Linear_RevIN_MAE_HMM3W30_Seq60_MSE116.csv
Multivariate,DLinear,RevIN,MAE,HMM3W60,7,116.1336898803711,Sub_Multivariate_DLinear_RevIN_MAE_HMM3W60_Seq7_MSE116.csv
Univariate,Linear,RevIN,Huber,NoHMM,60,116.1504135131836,Sub_Univariate_Linear_RevIN_Huber_NoHMM_Seq60_MSE116.csv
Univariate,Linear,RevIN,MSE,NoHMM,60,116.1504898071289,Sub_Univariate_Linear_RevIN_MSE_NoHMM_Seq60_MSE116.csv
Univariate,Linear,NoRevIN,MAE,HMM4W30,7,116.21163940429688,Sub_Univariate_Linear_NoRevIN_MAE_HMM4W30_Seq7_MSE116.csv
Univariate,Linear,NoRevIN,Huber,HMM3W30,60,116.31929016113281,Sub_Univariate_Linear_NoRevIN_Huber_HMM3W30_Seq60_MSE116.csv
Univariate,NLinear,NoRevIN,MAE,HMM4W60,30,116.40336608886719,Sub_Univariate_NLinear_NoRevIN_MAE_HMM4W60_Seq30_MSE116.csv
Univariate,Linear,NoRevIN,MSE,NoHMM,60,116.62066650390625,Sub_Univariate_Linear_NoRevIN_MSE_NoHMM_Seq60_MSE117.csv
Univariate,DLinear,NoRevIN,MSE,HMM3W30,60,116.68964385986328,Sub_Univariate_DLinear_NoRevIN_MSE_HMM3W30_Seq60_MSE117.csv
Univariate,Linear,NoRevIN,Huber,NoHMM,7,116.73310089111328,Sub_Univariate_Linear_NoRevIN_Huber_NoHMM_Seq7_MSE117.csv
Multivariate,Linear,RevIN,MAE,NoHMM,60,116.9091796875,Sub_Multivariate_Linear_RevIN_MAE_NoHMM_Seq60_MSE117.csv
Univariate,DLinear,RevIN,Huber,NoHMM,60,117.2080078125,Sub_Univariate_DLinear_RevIN_Huber_NoHMM_Seq60_MSE117.csv
Univariate,DLinear,RevIN,MSE,NoHMM,60,117.208251953125,Sub_Univariate_DLinear_RevIN_MSE_NoHMM_Seq60_MSE117.csv
Univariate,DLinear,NoRevIN,MSE,HMM3W60,15,117.3943099975586,Sub_Univariate_DLinear_NoRevIN_MSE_HMM3W60_Seq15_MSE117.csv
Univariate,DLinear,NoRevIN,MSE,HMM3W30,15,117.41627502441406,Sub_Univariate_DLinear_NoRevIN_MSE_HMM3W30_Seq15_MSE117.csv
Univariate,DLinear,NoRevIN,Huber,HMM4W30,60,117.73873901367188,Sub_Univariate_DLinear_NoRevIN_Huber_HMM4W30_Seq60_MSE118.csv
Multivariate,Linear,RevIN,MAE,HMM4W30,15,117.776123046875,Sub_Multivariate_Linear_RevIN_MAE_HMM4W30_Seq15_MSE118.csv
Multivariate,NLinear,NoRevIN,Huber,HMM4W30,15,117.83494567871094,Sub_Multivariate_NLinear_NoRevIN_Huber_HMM4W30_Seq15_MSE118.csv
Multivariate,NLinear,NoRevIN,MSE,HMM4W30,15,117.83883666992188,Sub_Multivariate_NLinear_NoRevIN_MSE_HMM4W30_Seq15_MSE118.csv
Multivariate,NLinear,NoRevIN,MSE,HMM3W30,60,117.86602783203125,Sub_Multivariate_NLinear_NoRevIN_MSE_HMM3W30_Seq60_MSE118.csv
Multivariate,NLinear,NoRevIN,Huber,HMM3W30,60,117.8675765991211,Sub_Multivariate_NLinear_NoRevIN_Huber_HMM3W30_Seq60_MSE118.csv
Univariate,NLinear,NoRevIN,MAE,HMM4W30,30,118.31177520751953,Sub_Univariate_NLinear_NoRevIN_MAE_HMM4W30_Seq30_MSE118.csv
Multivariate,Linear,RevIN,Huber,HMM4W60,7,118.6249008178711,Sub_Multivariate_Linear_RevIN_Huber_HMM4W60_Seq7_MSE119.csv
Multivariate,Linear,RevIN,MSE,HMM4W60,7,118.6253890991211,Sub_Multivariate_Linear_RevIN_MSE_HMM4W60_Seq7_MSE119.csv
Univariate,Linear,NoRevIN,MAE,HMM3W30,60,118.70386505126953,Sub_Univariate_Linear_NoRevIN_MAE_HMM3W30_Seq60_MSE119.csv
Multivariate,Linear,RevIN,MAE,HMM4W60,15,118.81300354003906,Sub_Multivariate_Linear_RevIN_MAE_HMM4W60_Seq15_MSE119.csv
Univariate,Linear,NoRevIN,MAE,NoHMM,7,118.86172485351562,Sub_Univariate_Linear_NoRevIN_MAE_NoHMM_Seq7_MSE119.csv
Univariate,NLinear,NoRevIN,Huber,HMM4W60,15,118.92955780029297,Sub_Univariate_NLinear_NoRevIN_Huber_HMM4W60_Seq15_MSE119.csv
Univariate,NLinear,NoRevIN,MSE,HMM4W60,15,118.9301986694336,Sub_Univariate_NLinear_NoRevIN_MSE_HMM4W60_Seq15_MSE119.csv
Multivariate,Linear,RevIN,MAE,HMM3W60,15,119.31965637207031,Sub_Multivariate_Linear_RevIN_MAE_HMM3W60_Seq15_MSE119.csv
Univariate,DLinear,NoRevIN,Huber,HMM3W60,60,119.4288558959961,Sub_Univariate_DLinear_NoRevIN_Huber_HMM3W60_Seq60_MSE119.csv
Univariate,DLinear,NoRevIN,MSE,HMM4W30,15,119.97911071777344,Sub_Univariate_DLinear_NoRevIN_MSE_HMM4W30_Seq15_MSE120.csv
Univariate,Linear,NoRevIN,MAE,NoHMM,60,120.37940979003906,Sub_Univariate_Linear_NoRevIN_MAE_NoHMM_Seq60_MSE120.csv
Univariate,Linear,RevIN,MSE,HMM3W60,7,120.63910675048828,Sub_Univariate_Linear_RevIN_MSE_HMM3W60_Seq7_MSE121.csv
Univariate,Linear,RevIN,Huber,HMM3W60,7,120.6395492553711,Sub_Univariate_Linear_RevIN_Huber_HMM3W60_Seq7_MSE121.csv
Univariate,DLinear,NoRevIN,MAE,HMM3W60,15,120.6720962524414,Sub_Univariate_DLinear_NoRevIN_MAE_HMM3W60_Seq15_MSE121.csv
Univariate,NLinear,NoRevIN,MAE,HMM4W30,60,120.69955444335938,Sub_Univariate_NLinear_NoRevIN_MAE_HMM4W30_Seq60_MSE121.csv
Univariate,Linear,RevIN,MSE,HMM4W60,15,120.85572814941406,Sub_Univariate_Linear_RevIN_MSE_HMM4W60_Seq15_MSE121.csv
Univariate,Linear,RevIN,Huber,HMM4W60,15,120.85597229003906,Sub_Univariate_Linear_RevIN_Huber_HMM4W60_Seq15_MSE121.csv
Univariate,DLinear,NoRevIN,Huber,HMM4W30,15,121.42498779296875,Sub_Univariate_DLinear_NoRevIN_Huber_HMM4W30_Seq15_MSE121.csv
Univariate,DLinear,NoRevIN,MAE,HMM4W30,30,121.49763488769531,Sub_Univariate_DLinear_NoRevIN_MAE_HMM4W30_Seq30_MSE121.csv
Univariate,DLinear,NoRevIN,MAE,HMM4W30,15,121.51240539550781,Sub_Univariate_DLinear_NoRevIN_MAE_HMM4W30_Seq15_MSE122.csv
Univariate,Linear,NoRevIN,MAE,HMM4W30,60,121.8672866821289,Sub_Univariate_Linear_NoRevIN_MAE_HMM4W30_Seq60_MSE122.csv
Univariate,NLinear,NoRevIN,Huber,HMM4W60,30,122.29728698730469,Sub_Univariate_NLinear_NoRevIN_Huber_HMM4W60_Seq30_MSE122.csv
Univariate,NLinear,NoRevIN,MSE,HMM4W60,30,122.29940032958984,Sub_Univariate_NLinear_NoRevIN_MSE_HMM4W60_Seq30_MSE122.csv
Univariate,DLinear,NoRevIN,MAE,HMM3W60,30,122.99607849121094,Sub_Univariate_DLinear_NoRevIN_MAE_HMM3W60_Seq30_MSE123.csv
Univariate,DLinear,NoRevIN,MSE,HMM4W60,30,123.32038116455078,Sub_Univariate_DLinear_NoRevIN_MSE_HMM4W60_Seq30_MSE123.csv
Multivariate,DLinear,RevIN,MAE,HMM4W60,15,123.61246490478516,Sub_Multivariate_DLinear_RevIN_MAE_HMM4W60_Seq15_MSE124.csv
Univariate,DLinear,RevIN,MAE,HMM4W60,15,123.93602752685547,Sub_Univariate_DLinear_RevIN_MAE_HMM4W60_Seq15_MSE124.csv
Univariate,Linear,NoRevIN,MSE,HMM4W60,30,124.05735778808594,Sub_Univariate_Linear_NoRevIN_MSE_HMM4W60_Seq30_MSE124.csv
Multivariate,NLinear,NoRevIN,MAE,HMM4W30,15,124.14720153808594,Sub_Multivariate_NLinear_NoRevIN_MAE_HMM4W30_Seq15_MSE124.csv
Univariate,DLinear,RevIN,Huber,HMM4W60,15,124.65126037597656,Sub_Univariate_DLinear_RevIN_Huber_HMM4W60_Seq15_MSE125.csv
Univariate,DLinear,RevIN,MSE,HMM4W60,15,124.65129089355469,Sub_Univariate_DLinear_RevIN_MSE_HMM4W60_Seq15_MSE125.csv
Multivariate,DLinear,RevIN,Huber,HMM4W60,15,125.55245971679688,Sub_Multivariate_DLinear_RevIN_Huber_HMM4W60_Seq15_MSE126.csv
Multivariate,DLinear,RevIN,MSE,HMM4W60,15,125.56623077392578,Sub_Multivariate_DLinear_RevIN_MSE_HMM4W60_Seq15_MSE126.csv
Multivariate,Linear,RevIN,Huber,HMM4W60,15,126.62092590332031,Sub_Multivariate_Linear_RevIN_Huber_HMM4W60_Seq15_MSE127.csv
Multivariate,Linear,RevIN,MSE,HMM4W60,15,126.62716674804688,Sub_Multivariate_Linear_RevIN_MSE_HMM4W60_Seq15_MSE127.csv
Univariate,Linear,NoRevIN,MAE,HMM4W60,30,126.92737579345703,Sub_Univariate_Linear_NoRevIN_MAE_HMM4W60_Seq30_MSE127.csv
Multivariate,DLinear,RevIN,MSE,HMM3W60,15,127.50528717041016,Sub_Multivariate_DLinear_RevIN_MSE_HMM3W60_Seq15_MSE128.csv
Multivariate,DLinear,RevIN,Huber,HMM3W60,15,127.53194427490234,Sub_Multivariate_DLinear_RevIN_Huber_HMM3W60_Seq15_MSE128.csv
Univariate,DLinear,NoRevIN,MAE,HMM3W30,60,127.53411865234375,Sub_Univariate_DLinear_NoRevIN_MAE_HMM3W30_Seq60_MSE128.csv
Univariate,Linear,RevIN,MAE,HMM4W60,15,127.73409271240234,Sub_Univariate_Linear_RevIN_MAE_HMM4W60_Seq15_MSE128.csv
Multivariate,Linear,RevIN,MAE,HMM4W60,7,127.81375122070312,Sub_Multivariate_Linear_RevIN_MAE_HMM4W60_Seq7_MSE128.csv
Univariate,DLinear,RevIN,MSE,HMM4W60,7,128.02952575683594,Sub_Univariate_DLinear_RevIN_MSE_HMM4W60_Seq7_MSE128.csv
Univariate,DLinear,RevIN,Huber,HMM4W60,7,128.03968811035156,Sub_Univariate_DLinear_RevIN_Huber_HMM4W60_Seq7_MSE128.csv
Multivariate,DLinear,RevIN,MAE,HMM4W60,7,128.08108520507812,Sub_Multivariate_DLinear_RevIN_MAE_HMM4W60_Seq7_MSE128.csv
Univariate,Linear,NoRevIN,MAE,HMM3W60,60,128.26661682128906,Sub_Univariate_Linear_NoRevIN_MAE_HMM3W60_Seq60_MSE128.csv
Multivariate,Linear,RevIN,MAE,HMM3W30,60,128.28970336914062,Sub_Multivariate_Linear_RevIN_MAE_HMM3W30_Seq60_MSE128.csv
Multivariate,Linear,RevIN,Huber,HMM3W60,15,129.79124450683594,Sub_Multivariate_Linear_RevIN_Huber_HMM3W60_Seq15_MSE130.csv
Multivariate,Linear,RevIN,MSE,HMM3W60,15,129.79974365234375,Sub_Multivariate_Linear_RevIN_MSE_HMM3W60_Seq15_MSE130.csv
Univariate,Linear,RevIN,MAE,HMM4W60,30,129.82275390625,Sub_Univariate_Linear_RevIN_MAE_HMM4W60_Seq30_MSE130.csv
Multivariate,DLinear,RevIN,MAE,HMM3W30,60,129.87271118164062,Sub_Multivariate_DLinear_RevIN_MAE_HMM3W30_Seq60_MSE130.csv
Univariate,Linear,NoRevIN,Huber,HMM4W60,30,130.00045776367188,Sub_Univariate_Linear_NoRevIN_Huber_HMM4W60_Seq30_MSE130.csv
Univariate,NLinear,NoRevIN,Huber,HMM4W30,60,130.02798461914062,Sub_Univariate_NLinear_NoRevIN_Huber_HMM4W30_Seq60_MSE130.csv
Univariate,NLinear,NoRevIN,MSE,HMM4W30,60,130.0308380126953,Sub_Univariate_NLinear_NoRevIN_MSE_HMM4W30_Seq60_MSE130.csv
Univariate,Linear,RevIN,MSE,HMM4W60,7,131.79608154296875,Sub_Univariate_Linear_RevIN_MSE_HMM4W60_Seq7_MSE132.csv
Univariate,Linear,RevIN,Huber,HMM4W60,7,131.7987823486328,Sub_Univariate_Linear_RevIN_Huber_HMM4W60_Seq7_MSE132.csv
Univariate,Linear,RevIN,MAE,HMM4W30,30,133.68112182617188,Sub_Univariate_Linear_RevIN_MAE_HMM4W30_Seq30_MSE134.csv
Univariate,DLinear,NoRevIN,MAE,NoHMM,15,133.75413513183594,Sub_Univariate_DLinear_NoRevIN_MAE_NoHMM_Seq15_MSE134.csv
Univariate,DLinear,NoRevIN,MSE,NoHMM,30,133.81097412109375,Sub_Univariate_DLinear_NoRevIN_MSE_NoHMM_Seq30_MSE134.csv
Univariate,Linear,NoRevIN,MAE,HMM4W60,15,134.46697998046875,Sub_Univariate_Linear_NoRevIN_MAE_HMM4W60_Seq15_MSE134.csv
Multivariate,NLinear,NoRevIN,MAE,HMM3W30,60,134.7686004638672,Sub_Multivariate_NLinear_NoRevIN_MAE_HMM3W30_Seq60_MSE135.csv
Univariate,DLinear,RevIN,MAE,HMM4W60,7,134.88522338867188,Sub_Univariate_DLinear_RevIN_MAE_HMM4W60_Seq7_MSE135.csv
Univariate,Linear,NoRevIN,MSE,HMM4W60,60,135.568359375,Sub_Univariate_Linear_NoRevIN_MSE_HMM4W60_Seq60_MSE136.csv
Univariate,Linear,NoRevIN,Huber,HMM4W60,15,135.8898162841797,Sub_Univariate_Linear_NoRevIN_Huber_HMM4W60_Seq15_MSE136.csv
Univariate,DLinear,NoRevIN,MAE,HMM4W30,60,136.19439697265625,Sub_Univariate_DLinear_NoRevIN_MAE_HMM4W30_Seq60_MSE136.csv
Univariate,DLinear,RevIN,MAE,HMM4W60,30,136.2386016845703,Sub_Univariate_DLinear_RevIN_MAE_HMM4W60_Seq30_MSE136.csv
Multivariate,DLinear,RevIN,Huber,HMM4W60,7,136.5664825439453,Sub_Multivariate_DLinear_RevIN_Huber_HMM4W60_Seq7_MSE137.csv
Multivariate,DLinear,RevIN,MSE,HMM4W60,7,136.57565307617188,Sub_Multivariate_DLinear_RevIN_MSE_HMM4W60_Seq7_MSE137.csv
Univariate,Linear,NoRevIN,Huber,HMM4W60,60,136.6133270263672,Sub_Univariate_Linear_NoRevIN_Huber_HMM4W60_Seq60_MSE137.csv
Univariate,DLinear,RevIN,MAE,HMM4W30,30,136.87091064453125,Sub_Univariate_DLinear_RevIN_MAE_HMM4W30_Seq30_MSE137.csv
Univariate,Linear,RevIN,MAE,HMM4W60,7,136.9832305908203,Sub_Univariate_Linear_RevIN_MAE_HMM4W60_Seq7_MSE137.csv
Multivariate,NLinear,NoRevIN,Huber,HMM3W60,60,137.90960693359375,Sub_Multivariate_NLinear_NoRevIN_Huber_HMM3W60_Seq60_MSE138.csv
Multivariate,NLinear,NoRevIN,MSE,HMM3W60,60,137.91098022460938,Sub_Multivariate_NLinear_NoRevIN_MSE_HMM3W60_Seq60_MSE138.csv
Univariate,DLinear,NoRevIN,MSE,HMM4W60,60,138.07862854003906,Sub_Univariate_DLinear_NoRevIN_MSE_HMM4W60_Seq60_MSE138.csv
Univariate,DLinear,NoRevIN,MAE,HMM4W60,30,138.1004180908203,Sub_Univariate_DLinear_NoRevIN_MAE_HMM4W60_Seq30_MSE138.csv
Univariate,Linear,NoRevIN,MAE,HMM4W60,7,138.4866943359375,Sub_Univariate_Linear_NoRevIN_MAE_HMM4W60_Seq7_MSE138.csv
Multivariate,NLinear,NoRevIN,Huber,HMM4W60,15,138.78590393066406,Sub_Multivariate_NLinear_NoRevIN_Huber_HMM4W60_Seq15_MSE139.csv
Multivariate,NLinear,NoRevIN,MSE,HMM4W60,15,138.7900390625,Sub_Multivariate_NLinear_NoRevIN_MSE_HMM4W60_Seq15_MSE139.csv
Univariate,Linear,RevIN,Huber,HMM4W30,30,140.02403259277344,Sub_Univariate_Linear_RevIN_Huber_HMM4W30_Seq30_MSE140.csv
Univariate,Linear,RevIN,MSE,HMM4W30,30,140.0313262939453,Sub_Univariate_Linear_RevIN_MSE_HMM4W30_Seq30_MSE140.csv
Univariate,Linear,NoRevIN,MSE,HMM4W60,15,140.34622192382812,Sub_Univariate_Linear_NoRevIN_MSE_HMM4W60_Seq15_MSE140.csv
Univariate,DLinear,NoRevIN,Huber,HMM4W60,60,141.12860107421875,Sub_Univariate_DLinear_NoRevIN_Huber_HMM4W60_Seq60_MSE141.csv
Univariate,NLinear,NoRevIN,Huber,HMM4W60,60,141.60983276367188,Sub_Univariate_NLinear_NoRevIN_Huber_HMM4W60_Seq60_MSE142.csv
Univariate,NLinear,NoRevIN,MSE,HMM4W60,60,141.61270141601562,Sub_Univariate_NLinear_NoRevIN_MSE_HMM4W60_Seq60_MSE142.csv
Univariate,Linear,RevIN,MSE,HMM4W60,30,141.8500518798828,Sub_Univariate_Linear_RevIN_MSE_HMM4W60_Seq30_MSE142.csv
Univariate,Linear,RevIN,Huber,HMM4W60,30,141.85104370117188,Sub_Univariate_Linear_RevIN_Huber_HMM4W60_Seq30_MSE142.csv
Univariate,DLinear,NoRevIN,MSE,NoHMM,60,143.53607177734375,Sub_Univariate_DLinear_NoRevIN_MSE_NoHMM_Seq60_MSE144.csv
Univariate,DLinear,NoRevIN,Huber,HMM4W60,30,143.56198120117188,Sub_Univariate_DLinear_NoRevIN_Huber_HMM4W60_Seq30_MSE144.csv
Univariate,Linear,NoRevIN,MSE,HMM4W60,7,144.0625762939453,Sub_Univariate_Linear_NoRevIN_MSE_HMM4W60_Seq7_MSE144.csv
Univariate,Linear,NoRevIN,MAE,HMM4W60,60,144.2211151123047,Sub_Univariate_Linear_NoRevIN_MAE_HMM4W60_Seq60_MSE144.csv
Univariate,DLinear,NoRevIN,MAE,HMM4W60,15,144.24685668945312,Sub_Univariate_DLinear_NoRevIN_MAE_HMM4W60_Seq15_MSE144.csv
Univariate,Linear,NoRevIN,Huber,HMM4W60,7,145.51068115234375,Sub_Univariate_Linear_NoRevIN_Huber_HMM4W60_Seq7_MSE146.csv
Multivariate,NLinear,NoRevIN,MAE,HMM4W60,15,145.96286010742188,Sub_Multivariate_NLinear_NoRevIN_MAE_HMM4W60_Seq15_MSE146.csv
Univariate,DLinear,NoRevIN,MAE,HMM3W60,60,146.93765258789062,Sub_Univariate_DLinear_NoRevIN_MAE_HMM3W60_Seq60_MSE147.csv
Univariate,DLinear,NoRevIN,Huber,HMM3W30,7,147.2659912109375,Sub_Univariate_DLinear_NoRevIN_Huber_HMM3W30_Seq7_MSE147.csv
Univariate,DLinear,NoRevIN,Huber,HMM4W30,7,149.1075439453125,Sub_Univariate_DLinear_NoRevIN_Huber_HMM4W30_Seq7_MSE149.csv
Univariate,DLinear,NoRevIN,MSE,HMM3W30,7,150.62088012695312,Sub_Univariate_DLinear_NoRevIN_MSE_HMM3W30_Seq7_MSE151.csv
Univariate,DLinear,RevIN,Huber,HMM4W60,30,150.85105895996094,Sub_Univariate_DLinear_RevIN_Huber_HMM4W60_Seq30_MSE151.csv
Univariate,DLinear,RevIN,MSE,HMM4W60,30,150.8646697998047,Sub_Univariate_DLinear_RevIN_MSE_HMM4W60_Seq30_MSE151.csv
Univariate,DLinear,NoRevIN,MSE,HMM3W60,7,151.87001037597656,Sub_Univariate_DLinear_NoRevIN_MSE_HMM3W60_Seq7_MSE152.csv
Multivariate,NLinear,NoRevIN,Huber,HMM4W30,30,152.73074340820312,Sub_Multivariate_NLinear_NoRevIN_Huber_HMM4W30_Seq30_MSE153.csv
Multivariate,NLinear,NoRevIN,MSE,HMM4W30,30,152.73114013671875,Sub_Multivariate_NLinear_NoRevIN_MSE_HMM4W30_Seq30_MSE153.csv
Univariate,DLinear,RevIN,Huber,HMM4W30,30,153.8157196044922,Sub_Univariate_DLinear_RevIN_Huber_HMM4W30_Seq30_MSE154.csv
Univariate,DLinear,RevIN,MSE,HMM4W30,30,153.82586669921875,Sub_Univariate_DLinear_RevIN_MSE_HMM4W30_Seq30_MSE154.csv
Multivariate,NLinear,NoRevIN,MAE,NoHMM,120,154.7874755859375,Sub_Multivariate_NLinear_NoRevIN_MAE_NoHMM_Seq120_MSE155.csv
Multivariate,NLinear,NoRevIN,MAE,HMM3W60,60,154.94741821289062,Sub_Multivariate_NLinear_NoRevIN_MAE_HMM3W60_Seq60_MSE155.csv
Univariate,DLinear,NoRevIN,Huber,HMM3W60,7,155.94093322753906,Sub_Univariate_DLinear_NoRevIN_Huber_HMM3W60_Seq7_MSE156.csv
Univariate,NLinear,NoRevIN,MAE,HMM4W60,60,156.12034606933594,Sub_Univariate_NLinear_NoRevIN_MAE_HMM4W60_Seq60_MSE156.csv
Univariate,Linear,RevIN,MAE,HMM4W30,60,157.0865020751953,Sub_Univariate_Linear_RevIN_MAE_HMM4W30_Seq60_MSE157.csv
Multivariate,DLinear,RevIN,MAE,HMM4W60,30,158.16424560546875,Sub_Multivariate_DLinear_RevIN_MAE_HMM4W60_Seq30_MSE158.csv
Univariate,DLinear,NoRevIN,MSE,HMM4W30,7,158.17799377441406,Sub_Univariate_DLinear_NoRevIN_MSE_HMM4W30_Seq7_MSE158.csv
Multivariate,Linear,RevIN,Huber,HMM4W60,30,158.51010131835938,Sub_Multivariate_Linear_RevIN_Huber_HMM4W60_Seq30_MSE159.csv
Multivariate,Linear,RevIN,MSE,HMM4W60,30,158.5231475830078,Sub_Multivariate_Linear_RevIN_MSE_HMM4W60_Seq30_MSE159.csv
Univariate,DLinear,NoRevIN,Huber,NoHMM,60,159.1483612060547,Sub_Univariate_DLinear_NoRevIN_Huber_NoHMM_Seq60_MSE159.csv
Univariate,DLinear,NoRevIN,MSE,HMM4W60,15,159.78298950195312,Sub_Univariate_DLinear_NoRevIN_MSE_HMM4W60_Seq15_MSE160.csv
Univariate,DLinear,NoRevIN,Huber,HMM4W60,15,160.31759643554688,Sub_Univariate_DLinear_NoRevIN_Huber_HMM4W60_Seq15_MSE160.csv
Multivariate,Linear,RevIN,MAE,HMM4W60,30,160.64088439941406,Sub_Multivariate_Linear_RevIN_MAE_HMM4W60_Seq30_MSE161.csv
Univariate,DLinear,RevIN,MAE,HMM4W30,60,162.49456787109375,Sub_Univariate_DLinear_RevIN_MAE_HMM4W30_Seq60_MSE162.csv
Univariate,DLinear,NoRevIN,MAE,HMM3W30,7,162.66346740722656,Sub_Univariate_DLinear_NoRevIN_MAE_HMM3W30_Seq7_MSE163.csv
Univariate,DLinear,NoRevIN,MAE,HMM4W30,7,162.72064208984375,Sub_Univariate_DLinear_NoRevIN_MAE_HMM4W30_Seq7_MSE163.csv
Univariate,DLinear,RevIN,MAE,HMM4W60,60,164.7415313720703,Sub_Univariate_DLinear_RevIN_MAE_HMM4W60_Seq60_MSE165.csv
Univariate,DLinear,NoRevIN,MAE,HMM3W60,7,165.6825714111328,Sub_Univariate_DLinear_NoRevIN_MAE_HMM3W60_Seq7_MSE166.csv
Univariate,Linear,RevIN,Huber,HMM4W30,60,169.4766845703125,Sub_Univariate_Linear_RevIN_Huber_HMM4W30_Seq60_MSE169.csv
Univariate,Linear,RevIN,MSE,HMM4W30,60,169.4915313720703,Sub_Univariate_Linear_RevIN_MSE_HMM4W30_Seq60_MSE169.csv
Univariate,Linear,RevIN,MAE,HMM4W60,60,169.86048889160156,Sub_Univariate_Linear_RevIN_MAE_HMM4W60_Seq60_MSE170.csv
Univariate,DLinear,RevIN,Huber,HMM4W30,60,174.35324096679688,Sub_Univariate_DLinear_RevIN_Huber_HMM4W30_Seq60_MSE174.csv
Univariate,DLinear,RevIN,MSE,HMM4W30,60,174.37889099121094,Sub_Univariate_DLinear_RevIN_MSE_HMM4W30_Seq60_MSE174.csv
Univariate,DLinear,NoRevIN,Huber,NoHMM,7,174.48297119140625,Sub_Univariate_DLinear_NoRevIN_Huber_NoHMM_Seq7_MSE174.csv
Univariate,DLinear,NoRevIN,MSE,NoHMM,7,175.1282501220703,Sub_Univariate_DLinear_NoRevIN_MSE_NoHMM_Seq7_MSE175.csv
Multivariate,NLinear,NoRevIN,MAE,HMM4W30,30,177.92259216308594,Sub_Multivariate_NLinear_NoRevIN_MAE_HMM4W30_Seq30_MSE178.csv
Univariate,DLinear,NoRevIN,MAE,HMM4W60,60,178.60858154296875,Sub_Univariate_DLinear_NoRevIN_MAE_HMM4W60_Seq60_MSE179.csv
Multivariate,DLinear,RevIN,Huber,HMM4W60,30,183.9496307373047,Sub_Multivariate_DLinear_RevIN_Huber_HMM4W60_Seq30_MSE184.csv
Multivariate,DLinear,RevIN,MSE,HMM4W60,30,183.9685516357422,Sub_Multivariate_DLinear_RevIN_MSE_HMM4W60_Seq30_MSE184.csv
Univariate,DLinear,NoRevIN,MAE,HMM4W60,7,186.72482299804688,Sub_Univariate_DLinear_NoRevIN_MAE_HMM4W60_Seq7_MSE187.csv
Univariate,Linear,RevIN,Huber,HMM4W60,60,186.98533630371094,Sub_Univariate_Linear_RevIN_Huber_HMM4W60_Seq60_MSE187.csv
Univariate,Linear,RevIN,MSE,HMM4W60,60,186.98707580566406,Sub_Univariate_Linear_RevIN_MSE_HMM4W60_Seq60_MSE187.csv
Multivariate,Linear,RevIN,MAE,HMM4W30,30,188.55191040039062,Sub_Multivariate_Linear_RevIN_MAE_HMM4W30_Seq30_MSE189.csv
Univariate,DLinear,RevIN,Huber,HMM4W60,60,190.09547424316406,Sub_Univariate_DLinear_RevIN_Huber_HMM4W60_Seq60_MSE190.csv
Univariate,DLinear,RevIN,MSE,HMM4W60,60,190.1080322265625,Sub_Univariate_DLinear_RevIN_MSE_HMM4W60_Seq60_MSE190.csv
Univariate,DLinear,NoRevIN,MAE,NoHMM,60,190.52032470703125,Sub_Univariate_DLinear_NoRevIN_MAE_NoHMM_Seq60_MSE191.csv
Univariate,DLinear,NoRevIN,MAE,NoHMM,30,192.04090881347656,Sub_Univariate_DLinear_NoRevIN_MAE_NoHMM_Seq30_MSE192.csv
Univariate,DLinear,NoRevIN,MAE,NoHMM,7,194.0638885498047,Sub_Univariate_DLinear_NoRevIN_MAE_NoHMM_Seq7_MSE194.csv
Multivariate,DLinear,RevIN,MAE,HMM4W30,30,196.33021545410156,Sub_Multivariate_DLinear_RevIN_MAE_HMM4W30_Seq30_MSE196.csv
Multivariate,DLinear,NoRevIN,Huber,NoHMM,7,201.9256134033203,Sub_Multivariate_DLinear_NoRevIN_Huber_NoHMM_Seq7_MSE202.csv
Multivariate,DLinear,NoRevIN,Huber,NoHMM,15,204.92567443847656,Sub_Multivariate_DLinear_NoRevIN_Huber_NoHMM_Seq15_MSE205.csv
Multivariate,Linear,NoRevIN,Huber,NoHMM,7,211.56663513183594,Sub_Multivariate_Linear_NoRevIN_Huber_NoHMM_Seq7_MSE212.csv
Multivariate,DLinear,NoRevIN,MSE,NoHMM,7,215.6465301513672,Sub_Multivariate_DLinear_NoRevIN_MSE_NoHMM_Seq7_MSE216.csv
Multivariate,Linear,RevIN,Huber,HMM4W30,30,218.92994689941406,Sub_Multivariate_Linear_RevIN_Huber_HMM4W30_Seq30_MSE219.csv
Multivariate,Linear,RevIN,MSE,HMM4W30,30,218.9624481201172,Sub_Multivariate_Linear_RevIN_MSE_HMM4W30_Seq30_MSE219.csv
Multivariate,DLinear,NoRevIN,MSE,NoHMM,15,221.83045959472656,Sub_Multivariate_DLinear_NoRevIN_MSE_NoHMM_Seq15_MSE222.csv
Multivariate,DLinear,RevIN,Huber,HMM4W30,30,224.6094512939453,Sub_Multivariate_DLinear_RevIN_Huber_HMM4W30_Seq30_MSE225.csv
Multivariate,DLinear,RevIN,MSE,HMM4W30,30,224.6829376220703,Sub_Multivariate_DLinear_RevIN_MSE_HMM4W30_Seq30_MSE225.csv
Multivariate,DLinear,NoRevIN,Huber,NoHMM,30,225.5592041015625,Sub_Multivariate_DLinear_NoRevIN_Huber_NoHMM_Seq30_MSE226.csv
Univariate,DLinear,NoRevIN,MSE,HMM4W60,7,227.9529571533203,Sub_Univariate_DLinear_NoRevIN_MSE_HMM4W60_Seq7_MSE228.csv
Multivariate,Linear,RevIN,MAE,HMM4W60,60,228.791259765625,Sub_Multivariate_Linear_RevIN_MAE_HMM4W60_Seq60_MSE229.csv
Multivariate,Linear,NoRevIN,MSE,NoHMM,7,231.33224487304688,Sub_Multivariate_Linear_NoRevIN_MSE_NoHMM_Seq7_MSE231.csv
Multivariate,Linear,RevIN,MAE,HMM3W60,60,234.0044708251953,Sub_Multivariate_Linear_RevIN_MAE_HMM3W60_Seq60_MSE234.csv
Multivariate,NLinear,NoRevIN,Huber,HMM4W60,30,235.26473999023438,Sub_Multivariate_NLinear_NoRevIN_Huber_HMM4W60_Seq30_MSE235.csv
Multivariate,NLinear,NoRevIN,MSE,HMM4W60,30,235.27099609375,Sub_Multivariate_NLinear_NoRevIN_MSE_HMM4W60_Seq30_MSE235.csv
Multivariate,DLinear,NoRevIN,MSE,NoHMM,30,236.6895751953125,Sub_Multivariate_DLinear_NoRevIN_MSE_NoHMM_Seq30_MSE237.csv
Multivariate,Linear,NoRevIN,MAE,NoHMM,7,236.85391235351562,Sub_Multivariate_Linear_NoRevIN_MAE_NoHMM_Seq7_MSE237.csv
Univariate,DLinear,NoRevIN,Huber,HMM4W60,7,236.97000122070312,Sub_Univariate_DLinear_NoRevIN_Huber_HMM4W60_Seq7_MSE237.csv
Multivariate,DLinear,NoRevIN,MAE,NoHMM,7,238.00405883789062,Sub_Multivariate_DLinear_NoRevIN_MAE_NoHMM_Seq7_MSE238.csv
Multivariate,DLinear,NoRevIN,MAE,NoHMM,15,245.29489135742188,Sub_Multivariate_DLinear_NoRevIN_MAE_NoHMM_Seq15_MSE245.csv
Multivariate,NLinear,NoRevIN,MAE,HMM4W60,30,253.0503387451172,Sub_Multivariate_NLinear_NoRevIN_MAE_HMM4W60_Seq30_MSE253.csv
Multivariate,Linear,RevIN,Huber,HMM4W60,60,255.0295867919922,Sub_Multivariate_Linear_RevIN_Huber_HMM4W60_Seq60_MSE255.csv
Multivariate,Linear,RevIN,MSE,HMM4W60,60,255.09133911132812,Sub_Multivariate_Linear_RevIN_MSE_HMM4W60_Seq60_MSE255.csv
Multivariate,DLinear,NoRevIN,Huber,NoHMM,60,261.7061767578125,Sub_Multivariate_DLinear_NoRevIN_Huber_NoHMM_Seq60_MSE262.csv
Multivariate,NLinear,NoRevIN,Huber,HMM4W30,60,261.9891662597656,Sub_Multivariate_NLinear_NoRevIN_Huber_HMM4W30_Seq60_MSE262.csv
Multivariate,NLinear,NoRevIN,MSE,HMM4W30,60,262.0079650878906,Sub_Multivariate_NLinear_NoRevIN_MSE_HMM4W30_Seq60_MSE262.csv
Multivariate,DLinear,RevIN,MAE,HMM3W60,60,263.4501647949219,Sub_Multivariate_DLinear_RevIN_MAE_HMM3W60_Seq60_MSE263.csv
Multivariate,DLinear,NoRevIN,MAE,NoHMM,30,266.12548828125,Sub_Multivariate_DLinear_NoRevIN_MAE_NoHMM_Seq30_MSE266.csv
Multivariate,Linear,NoRevIN,MSE,NoHMM,15,268.5106201171875,Sub_Multivariate_Linear_NoRevIN_MSE_NoHMM_Seq15_MSE269.csv
Multivariate,Linear,NoRevIN,Huber,NoHMM,30,274.32183837890625,Sub_Multivariate_Linear_NoRevIN_Huber_NoHMM_Seq30_MSE274.csv
Multivariate,Linear,NoRevIN,Huber,NoHMM,15,282.77264404296875,Sub_Multivariate_Linear_NoRevIN_Huber_NoHMM_Seq15_MSE283.csv
Multivariate,Linear,NoRevIN,MAE,NoHMM,15,284.39093017578125,Sub_Multivariate_Linear_NoRevIN_MAE_NoHMM_Seq15_MSE284.csv
Multivariate,DLinear,NoRevIN,MSE,NoHMM,60,288.74822998046875,Sub_Multivariate_DLinear_NoRevIN_MSE_NoHMM_Seq60_MSE289.csv
Multivariate,Linear,NoRevIN,MSE,NoHMM,30,291.5144958496094,Sub_Multivariate_Linear_NoRevIN_MSE_NoHMM_Seq30_MSE292.csv
Multivariate,NLinear,NoRevIN,MAE,HMM4W30,60,292.3946838378906,Sub_Multivariate_NLinear_NoRevIN_MAE_HMM4W30_Seq60_MSE292.csv
Multivariate,DLinear,NoRevIN,MAE,NoHMM,60,304.9441833496094,Sub_Multivariate_DLinear_NoRevIN_MAE_NoHMM_Seq60_MSE305.csv
Multivariate,DLinear,NoRevIN,Huber,HMM4W30,7,305.5350036621094,Sub_Multivariate_DLinear_NoRevIN_Huber_HMM4W30_Seq7_MSE306.csv
Multivariate,Linear,RevIN,Huber,HMM3W60,60,312.4967956542969,Sub_Multivariate_Linear_RevIN_Huber_HMM3W60_Seq60_MSE312.csv
Multivariate,Linear,RevIN,MSE,HMM3W60,60,312.5635986328125,Sub_Multivariate_Linear_RevIN_MSE_HMM3W60_Seq60_MSE313.csv
Multivariate,DLinear,RevIN,MAE,HMM4W60,60,317.1712646484375,Sub_Multivariate_DLinear_RevIN_MAE_HMM4W60_Seq60_MSE317.csv
Multivariate,DLinear,NoRevIN,Huber,HMM4W30,30,322.0965576171875,Sub_Multivariate_DLinear_NoRevIN_Huber_HMM4W30_Seq30_MSE322.csv
Multivariate,DLinear,NoRevIN,Huber,HMM4W30,15,323.7189636230469,Sub_Multivariate_DLinear_NoRevIN_Huber_HMM4W30_Seq15_MSE324.csv
Multivariate,Linear,NoRevIN,Huber,HMM4W30,15,333.06451416015625,Sub_Multivariate_Linear_NoRevIN_Huber_HMM4W30_Seq15_MSE333.csv
Multivariate,Linear,NoRevIN,Huber,HMM4W30,7,336.0394592285156,Sub_Multivariate_Linear_NoRevIN_Huber_HMM4W30_Seq7_MSE336.csv
Multivariate,Linear,NoRevIN,MAE,NoHMM,30,347.6353454589844,Sub_Multivariate_Linear_NoRevIN_MAE_NoHMM_Seq30_MSE348.csv
Univariate,DLinear,NoRevIN,Huber,NoHMM,30,349.21282958984375,Sub_Univariate_DLinear_NoRevIN_Huber_NoHMM_Seq30_MSE349.csv
Multivariate,DLinear,NoRevIN,MAE,HMM4W30,15,354.319091796875,Sub_Multivariate_DLinear_NoRevIN_MAE_HMM4W30_Seq15_MSE354.csv
Multivariate,DLinear,NoRevIN,MSE,HMM4W30,15,355.0712890625,Sub_Multivariate_DLinear_NoRevIN_MSE_HMM4W30_Seq15_MSE355.csv
Multivariate,DLinear,RevIN,Huber,HMM3W60,60,357.0946960449219,Sub_Multivariate_DLinear_RevIN_Huber_HMM3W60_Seq60_MSE357.csv
Multivariate,DLinear,RevIN,MSE,HMM3W60,60,357.3017883300781,Sub_Multivariate_DLinear_RevIN_MSE_HMM3W60_Seq60_MSE357.csv
Multivariate,DLinear,NoRevIN,Huber,HMM3W30,15,364.3155212402344,Sub_Multivariate_DLinear_NoRevIN_Huber_HMM3W30_Seq15_MSE364.csv
Multivariate,Linear,NoRevIN,MSE,NoHMM,60,365.8997802734375,Sub_Multivariate_Linear_NoRevIN_MSE_NoHMM_Seq60_MSE366.csv
Multivariate,DLinear,NoRevIN,MSE,HMM4W30,30,370.60150146484375,Sub_Multivariate_DLinear_NoRevIN_MSE_HMM4W30_Seq30_MSE371.csv
Multivariate,Linear,NoRevIN,Huber,NoHMM,60,370.7626037597656,Sub_Multivariate_Linear_NoRevIN_Huber_NoHMM_Seq60_MSE371.csv
Multivariate,DLinear,NoRevIN,Huber,NoHMM,120,372.3345947265625,Sub_Multivariate_DLinear_NoRevIN_Huber_NoHMM_Seq120_MSE372.csv
Multivariate,Linear,NoRevIN,MAE,HMM4W30,7,380.03192138671875,Sub_Multivariate_Linear_NoRevIN_MAE_HMM4W30_Seq7_MSE380.csv
Multivariate,DLinear,NoRevIN,MAE,HMM4W30,30,382.8362121582031,Sub_Multivariate_DLinear_NoRevIN_MAE_HMM4W30_Seq30_MSE383.csv
Multivariate,NLinear,NoRevIN,MAE,HMM4W60,60,383.7061767578125,Sub_Multivariate_NLinear_NoRevIN_MAE_HMM4W60_Seq60_MSE384.csv
Multivariate,DLinear,NoRevIN,Huber,HMM3W60,15,386.08935546875,Sub_Multivariate_DLinear_NoRevIN_Huber_HMM3W60_Seq15_MSE386.csv
Multivariate,DLinear,NoRevIN,MSE,NoHMM,120,387.1512145996094,Sub_Multivariate_DLinear_NoRevIN_MSE_NoHMM_Seq120_MSE387.csv
Multivariate,Linear,RevIN,MAE,NoHMM,120,389.43206787109375,Sub_Multivariate_Linear_RevIN_MAE_NoHMM_Seq120_MSE389.csv
Multivariate,Linear,NoRevIN,Huber,HMM4W30,30,391.41729736328125,Sub_Multivariate_Linear_NoRevIN_Huber_HMM4W30_Seq30_MSE391.csv
Multivariate,DLinear,NoRevIN,MAE,HMM4W30,7,391.67095947265625,Sub_Multivariate_DLinear_NoRevIN_MAE_HMM4W30_Seq7_MSE392.csv
Multivariate,DLinear,NoRevIN,MAE,NoHMM,120,402.869384765625,Sub_Multivariate_DLinear_NoRevIN_MAE_NoHMM_Seq120_MSE403.csv
Multivariate,Linear,NoRevIN,MAE,HMM4W30,15,404.3941345214844,Sub_Multivariate_Linear_NoRevIN_MAE_HMM4W30_Seq15_MSE404.csv
Multivariate,DLinear,RevIN,MAE,NoHMM,120,405.6369323730469,Sub_Multivariate_DLinear_RevIN_MAE_NoHMM_Seq120_MSE406.csv
Multivariate,DLinear,NoRevIN,MAE,HMM3W30,15,413.16741943359375,Sub_Multivariate_DLinear_NoRevIN_MAE_HMM3W30_Seq15_MSE413.csv
Multivariate,DLinear,NoRevIN,Huber,HMM4W60,60,415.9139709472656,Sub_Multivariate_DLinear_NoRevIN_Huber_HMM4W60_Seq60_MSE416.csv
Multivariate,DLinear,NoRevIN,MAE,HMM3W30,7,424.59503173828125,Sub_Multivariate_DLinear_NoRevIN_MAE_HMM3W30_Seq7_MSE425.csv
Multivariate,DLinear,NoRevIN,MSE,HMM4W30,7,428.90008544921875,Sub_Multivariate_DLinear_NoRevIN_MSE_HMM4W30_Seq7_MSE429.csv
Multivariate,Linear,NoRevIN,MSE,HMM4W30,15,429.1451416015625,Sub_Multivariate_Linear_NoRevIN_MSE_HMM4W30_Seq15_MSE429.csv
Multivariate,NLinear,NoRevIN,Huber,HMM4W60,60,430.4896545410156,Sub_Multivariate_NLinear_NoRevIN_Huber_HMM4W60_Seq60_MSE430.csv
Multivariate,NLinear,NoRevIN,MSE,HMM4W60,60,430.5111389160156,Sub_Multivariate_NLinear_NoRevIN_MSE_HMM4W60_Seq60_MSE431.csv
Multivariate,Linear,NoRevIN,MSE,NoHMM,120,431.8088073730469,Sub_Multivariate_Linear_NoRevIN_MSE_NoHMM_Seq120_MSE432.csv
Multivariate,DLinear,NoRevIN,MAE,HMM3W60,15,434.8923645019531,Sub_Multivariate_DLinear_NoRevIN_MAE_HMM3W60_Seq15_MSE435.csv
Multivariate,DLinear,NoRevIN,Huber,HMM3W60,7,435.0065002441406,Sub_Multivariate_DLinear_NoRevIN_Huber_HMM3W60_Seq7_MSE435.csv
Multivariate,Linear,NoRevIN,MAE,HMM3W30,7,435.86785888671875,Sub_Multivariate_Linear_NoRevIN_MAE_HMM3W30_Seq7_MSE436.csv
Multivariate,DLinear,RevIN,Huber,NoHMM,120,443.1348876953125,Sub_Multivariate_DLinear_RevIN_Huber_NoHMM_Seq120_MSE443.csv
Multivariate,DLinear,RevIN,MSE,NoHMM,120,443.28009033203125,Sub_Multivariate_DLinear_RevIN_MSE_NoHMM_Seq120_MSE443.csv
Multivariate,DLinear,NoRevIN,Huber,HMM3W60,30,445.9354248046875,Sub_Multivariate_DLinear_NoRevIN_Huber_HMM3W60_Seq30_MSE446.csv
Multivariate,DLinear,NoRevIN,MAE,HMM4W30,60,446.4459533691406,Sub_Multivariate_DLinear_NoRevIN_MAE_HMM4W30_Seq60_MSE446.csv
Multivariate,DLinear,NoRevIN,Huber,HMM4W30,60,448.7407531738281,Sub_Multivariate_DLinear_NoRevIN_Huber_HMM4W30_Seq60_MSE449.csv
Multivariate,Linear,NoRevIN,MAE,HMM4W30,30,449.09716796875,Sub_Multivariate_Linear_NoRevIN_MAE_HMM4W30_Seq30_MSE449.csv
Multivariate,Linear,NoRevIN,MAE,NoHMM,60,449.4049377441406,Sub_Multivariate_Linear_NoRevIN_MAE_NoHMM_Seq60_MSE449.csv
Multivariate,DLinear,NoRevIN,Huber,HMM3W30,7,453.1256408691406,Sub_Multivariate_DLinear_NoRevIN_Huber_HMM3W30_Seq7_MSE453.csv
Multivariate,DLinear,NoRevIN,Huber,HMM3W30,30,456.1047668457031,Sub_Multivariate_DLinear_NoRevIN_Huber_HMM3W30_Seq30_MSE456.csv
Multivariate,Linear,NoRevIN,MSE,HMM4W30,7,461.57220458984375,Sub_Multivariate_Linear_NoRevIN_MSE_HMM4W30_Seq7_MSE462.csv
Multivariate,DLinear,NoRevIN,MAE,HMM3W60,7,461.8912353515625,Sub_Multivariate_DLinear_NoRevIN_MAE_HMM3W60_Seq7_MSE462.csv
Multivariate,Linear,RevIN,Huber,NoHMM,120,463.4296875,Sub_Multivariate_Linear_RevIN_Huber_NoHMM_Seq120_MSE463.csv
Multivariate,Linear,RevIN,MSE,NoHMM,120,463.4778747558594,Sub_Multivariate_Linear_RevIN_MSE_NoHMM_Seq120_MSE463.csv
Multivariate,Linear,NoRevIN,MSE,HMM4W30,30,464.0167541503906,Sub_Multivariate_Linear_NoRevIN_MSE_HMM4W30_Seq30_MSE464.csv
Multivariate,DLinear,NoRevIN,MSE,HMM4W30,60,465.6033630371094,Sub_Multivariate_DLinear_NoRevIN_MSE_HMM4W30_Seq60_MSE466.csv
Multivariate,Linear,NoRevIN,Huber,NoHMM,120,466.59405517578125,Sub_Multivariate_Linear_NoRevIN_Huber_NoHMM_Seq120_MSE467.csv
Multivariate,Linear,NoRevIN,MAE,HMM3W60,15,467.04730224609375,Sub_Multivariate_Linear_NoRevIN_MAE_HMM3W60_Seq15_MSE467.csv
Multivariate,Linear,NoRevIN,Huber,HMM3W30,15,467.2259521484375,Sub_Multivariate_Linear_NoRevIN_Huber_HMM3W30_Seq15_MSE467.csv
Multivariate,Linear,NoRevIN,Huber,HMM3W30,7,468.6453552246094,Sub_Multivariate_Linear_NoRevIN_Huber_HMM3W30_Seq7_MSE469.csv
Multivariate,Linear,NoRevIN,Huber,HMM3W60,15,472.27593994140625,Sub_Multivariate_Linear_NoRevIN_Huber_HMM3W60_Seq15_MSE472.csv
Multivariate,Linear,NoRevIN,MAE,HMM3W30,15,479.5811462402344,Sub_Multivariate_Linear_NoRevIN_MAE_HMM3W30_Seq15_MSE480.csv
Multivariate,Linear,NoRevIN,MAE,NoHMM,120,483.8832702636719,Sub_Multivariate_Linear_NoRevIN_MAE_NoHMM_Seq120_MSE484.csv
Multivariate,DLinear,NoRevIN,MSE,HMM3W60,15,487.2391357421875,Sub_Multivariate_DLinear_NoRevIN_MSE_HMM3W60_Seq15_MSE487.csv
Multivariate,Linear,NoRevIN,Huber,HMM3W30,30,500.37542724609375,Sub_Multivariate_Linear_NoRevIN_Huber_HMM3W30_Seq30_MSE500.csv
Multivariate,DLinear,NoRevIN,MSE,HMM3W30,30,502.958251953125,Sub_Multivariate_DLinear_NoRevIN_MSE_HMM3W30_Seq30_MSE503.csv
Multivariate,DLinear,NoRevIN,MSE,HMM3W60,30,503.5711364746094,Sub_Multivariate_DLinear_NoRevIN_MSE_HMM3W60_Seq30_MSE504.csv
Multivariate,DLinear,NoRevIN,MAE,HMM3W30,30,506.16644287109375,Sub_Multivariate_DLinear_NoRevIN_MAE_HMM3W30_Seq30_MSE506.csv
Multivariate,Linear,NoRevIN,Huber,HMM3W60,30,508.2265930175781,Sub_Multivariate_Linear_NoRevIN_Huber_HMM3W60_Seq30_MSE508.csv
Multivariate,Linear,NoRevIN,Huber,HMM4W30,60,511.2411804199219,Sub_Multivariate_Linear_NoRevIN_Huber_HMM4W30_Seq60_MSE511.csv
Multivariate,DLinear,NoRevIN,MAE,HMM4W60,30,512.8119506835938,Sub_Multivariate_DLinear_NoRevIN_MAE_HMM4W60_Seq30_MSE513.csv
Multivariate,DLinear,NoRevIN,MAE,HMM3W60,30,513.3790283203125,Sub_Multivariate_DLinear_NoRevIN_MAE_HMM3W60_Seq30_MSE513.csv
Multivariate,DLinear,NoRevIN,Huber,HMM4W60,30,521.7305297851562,Sub_Multivariate_DLinear_NoRevIN_Huber_HMM4W60_Seq30_MSE522.csv
Multivariate,DLinear,NoRevIN,Huber,HMM3W60,60,523.8158569335938,Sub_Multivariate_DLinear_NoRevIN_Huber_HMM3W60_Seq60_MSE524.csv
Multivariate,Linear,NoRevIN,MSE,HMM4W30,60,524.7681884765625,Sub_Multivariate_Linear_NoRevIN_MSE_HMM4W30_Seq60_MSE525.csv
Multivariate,Linear,NoRevIN,MAE,HMM3W30,30,528.8302612304688,Sub_Multivariate_Linear_NoRevIN_MAE_HMM3W30_Seq30_MSE529.csv
Multivariate,Linear,NoRevIN,MAE,HMM3W60,30,531.0057983398438,Sub_Multivariate_Linear_NoRevIN_MAE_HMM3W60_Seq30_MSE531.csv
Multivariate,DLinear,NoRevIN,MSE,HMM3W30,15,536.4237670898438,Sub_Multivariate_DLinear_NoRevIN_MSE_HMM3W30_Seq15_MSE536.csv
Multivariate,DLinear,NoRevIN,MSE,HMM3W60,60,537.7132568359375,Sub_Multivariate_DLinear_NoRevIN_MSE_HMM3W60_Seq60_MSE538.csv
Multivariate,Linear,NoRevIN,Huber,HMM4W60,30,540.2506713867188,Sub_Multivariate_Linear_NoRevIN_Huber_HMM4W60_Seq30_MSE540.csv
Multivariate,Linear,NoRevIN,MSE,HMM3W30,30,547.0669555664062,Sub_Multivariate_Linear_NoRevIN_MSE_HMM3W30_Seq30_MSE547.csv
Multivariate,Linear,NoRevIN,MAE,HMM4W30,60,548.6058349609375,Sub_Multivariate_Linear_NoRevIN_MAE_HMM4W30_Seq60_MSE549.csv
Multivariate,DLinear,NoRevIN,MAE,HMM4W60,60,559.5011596679688,Sub_Multivariate_DLinear_NoRevIN_MAE_HMM4W60_Seq60_MSE560.csv
Multivariate,DLinear,NoRevIN,MAE,HMM4W60,15,561.2847290039062,Sub_Multivariate_DLinear_NoRevIN_MAE_HMM4W60_Seq15_MSE561.csv
Multivariate,DLinear,NoRevIN,Huber,HMM4W60,15,564.1863403320312,Sub_Multivariate_DLinear_NoRevIN_Huber_HMM4W60_Seq15_MSE564.csv
Multivariate,DLinear,NoRevIN,MAE,HMM3W60,60,565.0867309570312,Sub_Multivariate_DLinear_NoRevIN_MAE_HMM3W60_Seq60_MSE565.csv
Multivariate,Linear,NoRevIN,MSE,HMM3W30,15,567.1590576171875,Sub_Multivariate_Linear_NoRevIN_MSE_HMM3W30_Seq15_MSE567.csv
Multivariate,Linear,NoRevIN,MAE,HMM3W60,7,569.0963134765625,Sub_Multivariate_Linear_NoRevIN_MAE_HMM3W60_Seq7_MSE569.csv
Multivariate,DLinear,NoRevIN,MSE,HMM3W30,7,570.7716674804688,Sub_Multivariate_DLinear_NoRevIN_MSE_HMM3W30_Seq7_MSE571.csv
Multivariate,Linear,NoRevIN,Huber,HMM3W60,60,585.2138671875,Sub_Multivariate_Linear_NoRevIN_Huber_HMM3W60_Seq60_MSE585.csv
Multivariate,Linear,NoRevIN,MSE,HMM3W60,30,599.2462768554688,Sub_Multivariate_Linear_NoRevIN_MSE_HMM3W60_Seq30_MSE599.csv
Multivariate,Linear,NoRevIN,Huber,HMM4W60,60,609.2551879882812,Sub_Multivariate_Linear_NoRevIN_Huber_HMM4W60_Seq60_MSE609.csv
Multivariate,Linear,NoRevIN,MAE,HMM3W60,60,612.7572631835938,Sub_Multivariate_Linear_NoRevIN_MAE_HMM3W60_Seq60_MSE613.csv
Multivariate,DLinear,RevIN,Huber,HMM4W60,60,617.3735961914062,Sub_Multivariate_DLinear_RevIN_Huber_HMM4W60_Seq60_MSE617.csv
Multivariate,DLinear,RevIN,MSE,HMM4W60,60,617.7680053710938,Sub_Multivariate_DLinear_RevIN_MSE_HMM4W60_Seq60_MSE618.csv
Multivariate,DLinear,NoRevIN,MAE,HMM4W60,7,618.49951171875,Sub_Multivariate_DLinear_NoRevIN_MAE_HMM4W60_Seq7_MSE618.csv
Multivariate,DLinear,NoRevIN,MAE,HMM3W30,60,629.3361206054688,Sub_Multivariate_DLinear_NoRevIN_MAE_HMM3W30_Seq60_MSE629.csv
Multivariate,Linear,NoRevIN,MSE,HMM3W60,15,633.2098388671875,Sub_Multivariate_Linear_NoRevIN_MSE_HMM3W60_Seq15_MSE633.csv
Multivariate,DLinear,NoRevIN,MSE,HMM4W60,60,636.5211181640625,Sub_Multivariate_DLinear_NoRevIN_MSE_HMM4W60_Seq60_MSE637.csv
Multivariate,Linear,NoRevIN,MAE,HMM4W60,7,638.2575073242188,Sub_Multivariate_Linear_NoRevIN_MAE_HMM4W60_Seq7_MSE638.csv
Multivariate,DLinear,NoRevIN,Huber,HMM3W30,60,638.7744140625,Sub_Multivariate_DLinear_NoRevIN_Huber_HMM3W30_Seq60_MSE639.csv
Multivariate,Linear,NoRevIN,MAE,HMM4W60,30,643.72314453125,Sub_Multivariate_Linear_NoRevIN_MAE_HMM4W60_Seq30_MSE644.csv
Multivariate,Linear,NoRevIN,MSE,HMM3W60,60,645.2427978515625,Sub_Multivariate_Linear_NoRevIN_MSE_HMM3W60_Seq60_MSE645.csv
Multivariate,Linear,NoRevIN,Huber,HMM3W30,60,648.9053344726562,Sub_Multivariate_Linear_NoRevIN_Huber_HMM3W30_Seq60_MSE649.csv
Multivariate,Linear,NoRevIN,MAE,HMM4W60,15,649.5733032226562,Sub_Multivariate_Linear_NoRevIN_MAE_HMM4W60_Seq15_MSE650.csv
Multivariate,Linear,NoRevIN,MAE,HMM4W60,60,652.0059814453125,Sub_Multivariate_Linear_NoRevIN_MAE_HMM4W60_Seq60_MSE652.csv
Multivariate,DLinear,NoRevIN,MSE,HMM4W60,30,656.7190551757812,Sub_Multivariate_DLinear_NoRevIN_MSE_HMM4W60_Seq30_MSE657.csv
Multivariate,Linear,NoRevIN,MSE,HMM3W30,60,661.1903686523438,Sub_Multivariate_Linear_NoRevIN_MSE_HMM3W30_Seq60_MSE661.csv
Multivariate,Linear,NoRevIN,Huber,HMM4W60,15,685.15478515625,Sub_Multivariate_Linear_NoRevIN_Huber_HMM4W60_Seq15_MSE685.csv
Multivariate,Linear,NoRevIN,MAE,HMM3W30,60,686.9678344726562,Sub_Multivariate_Linear_NoRevIN_MAE_HMM3W30_Seq60_MSE687.csv
Multivariate,Linear,NoRevIN,MSE,HMM4W60,60,688.7716064453125,Sub_Multivariate_Linear_NoRevIN_MSE_HMM4W60_Seq60_MSE689.csv
Multivariate,DLinear,NoRevIN,MSE,HMM3W30,60,696.1569213867188,Sub_Multivariate_DLinear_NoRevIN_MSE_HMM3W30_Seq60_MSE696.csv
Multivariate,Linear,RevIN,MAE,HMM4W30,60,700.160888671875,Sub_Multivariate_Linear_RevIN_MAE_HMM4W30_Seq60_MSE700.csv
Multivariate,Linear,NoRevIN,MSE,HMM4W60,30,770.0075073242188,Sub_Multivariate_Linear_NoRevIN_MSE_HMM4W60_Seq30_MSE770.csv
Univariate,Linear,NoRevIN,MAE,NoHMM,480,777.8724365234375,Sub_Univariate_Linear_NoRevIN_MAE_NoHMM_Seq480_MSE778.csv
Univariate,DLinear,NoRevIN,Huber,NoHMM,480,794.4622802734375,Sub_Univariate_DLinear_NoRevIN_Huber_NoHMM_Seq480_MSE794.csv
Multivariate,DLinear,NoRevIN,MSE,HMM3W60,7,816.30078125,Sub_Multivariate_DLinear_NoRevIN_MSE_HMM3W60_Seq7_MSE816.csv
Univariate,DLinear,NoRevIN,MAE,NoHMM,480,816.6940307617188,Sub_Univariate_DLinear_NoRevIN_MAE_NoHMM_Seq480_MSE817.csv
Multivariate,Linear,NoRevIN,Huber,HMM3W60,7,821.2867431640625,Sub_Multivariate_Linear_NoRevIN_Huber_HMM3W60_Seq7_MSE821.csv
Univariate,Linear,NoRevIN,Huber,NoHMM,480,835.0314331054688,Sub_Univariate_Linear_NoRevIN_Huber_NoHMM_Seq480_MSE835.csv
Multivariate,Linear,NoRevIN,MSE,HMM3W30,7,846.6702270507812,Sub_Multivariate_Linear_NoRevIN_MSE_HMM3W30_Seq7_MSE847.csv
Univariate,DLinear,NoRevIN,MSE,NoHMM,480,853.75390625,Sub_Univariate_DLinear_NoRevIN_MSE_NoHMM_Seq480_MSE854.csv
Multivariate,DLinear,RevIN,MAE,HMM4W30,60,861.6784057617188,Sub_Multivariate_DLinear_RevIN_MAE_HMM4W30_Seq60_MSE862.csv
Multivariate,Linear,NoRevIN,MSE,HMM3W60,7,891.8059692382812,Sub_Multivariate_Linear_NoRevIN_MSE_HMM3W60_Seq7_MSE892.csv
Univariate,Linear,NoRevIN,MSE,NoHMM,480,996.9117431640625,Sub_Univariate_Linear_NoRevIN_MSE_NoHMM_Seq480_MSE997.csv
Multivariate,DLinear,NoRevIN,MSE,HMM4W60,15,1083.12255859375,Sub_Multivariate_DLinear_NoRevIN_MSE_HMM4W60_Seq15_MSE1083.csv
Multivariate,Linear,NoRevIN,MSE,HMM4W60,15,1093.482421875,Sub_Multivariate_Linear_NoRevIN_MSE_HMM4W60_Seq15_MSE1093.csv
Multivariate,Linear,NoRevIN,Huber,HMM4W60,7,1169.4244384765625,Sub_Multivariate_Linear_NoRevIN_Huber_HMM4W60_Seq7_MSE1169.csv
Multivariate,DLinear,NoRevIN,Huber,HMM4W60,7,1192.5284423828125,Sub_Multivariate_DLinear_NoRevIN_Huber_HMM4W60_Seq7_MSE1193.csv
Multivariate,Linear,NoRevIN,MSE,HMM4W60,7,1247.5836181640625,Sub_Multivariate_Linear_NoRevIN_MSE_HMM4W60_Seq7_MSE1248.csv
Multivariate,DLinear,NoRevIN,MSE,HMM4W60,7,1252.3719482421875,Sub_Multivariate_DLinear_NoRevIN_MSE_HMM4W60_Seq7_MSE1252.csv
Univariate,NLinear,NoRevIN,Huber,NoHMM,480,1866.8306884765625,Sub_Univariate_NLinear_NoRevIN_Huber_NoHMM_Seq480_MSE1867.csv
Univariate,NLinear,NoRevIN,MSE,NoHMM,480,1867.0003662109375,Sub_Univariate_NLinear_NoRevIN_MSE_NoHMM_Seq480_MSE1867.csv
Univariate,NLinear,NoRevIN,MAE,NoHMM,480,1877.1407470703125,Sub_Univariate_NLinear_NoRevIN_MAE_NoHMM_Seq480_MSE1877.csv
Multivariate,Linear,NoRevIN,Huber,NoHMM,480,2170.64404296875,Sub_Multivariate_Linear_NoRevIN_Huber_NoHMM_Seq480_MSE2171.csv
Multivariate,Linear,NoRevIN,MSE,NoHMM,480,2170.8505859375,Sub_Multivariate_Linear_NoRevIN_MSE_NoHMM_Seq480_MSE2171.csv
Multivariate,DLinear,NoRevIN,Huber,NoHMM,480,2217.857666015625,Sub_Multivariate_DLinear_NoRevIN_Huber_NoHMM_Seq480_MSE2218.csv
Multivariate,Linear,NoRevIN,MAE,NoHMM,480,2219.86083984375,Sub_Multivariate_Linear_NoRevIN_MAE_NoHMM_Seq480_MSE2220.csv
Multivariate,DLinear,NoRevIN,MSE,NoHMM,480,2224.626953125,Sub_Multivariate_DLinear_NoRevIN_MSE_NoHMM_Seq480_MSE2225.csv
Multivariate,DLinear,NoRevIN,MAE,NoHMM,480,2231.618408203125,Sub_Multivariate_DLinear_NoRevIN_MAE_NoHMM_Seq480_MSE2232.csv
Multivariate,NLinear,NoRevIN,MSE,NoHMM,480,2387.498291015625,Sub_Multivariate_NLinear_NoRevIN_MSE_NoHMM_Seq480_MSE2387.csv
Multivariate,NLinear,NoRevIN,Huber,NoHMM,480,2387.616455078125,Sub_Multivariate_NLinear_NoRevIN_Huber_NoHMM_Seq480_MSE2388.csv
Multivariate,NLinear,NoRevIN,MAE,NoHMM,480,2421.486083984375,Sub_Multivariate_NLinear_NoRevIN_MAE_NoHMM_Seq480_MSE2421.csv
Multivariate,Linear,RevIN,Huber,HMM4W30,60,2644.50390625,Sub_Multivariate_Linear_RevIN_Huber_HMM4W30_Seq60_MSE2645.csv
Multivariate,Linear,RevIN,MSE,HMM4W30,60,2647.13671875,Sub_Multivariate_Linear_RevIN_MSE_HMM4W30_Seq60_MSE2647.csv
Multivariate,DLinear,RevIN,Huber,HMM4W30,60,3390.317626953125,Sub_Multivariate_DLinear_RevIN_Huber_HMM4W30_Seq60_MSE3390.csv
Multivariate,DLinear,RevIN,MSE,HMM4W30,60,3390.664794921875,Sub_Multivariate_DLinear_RevIN_MSE_HMM4W30_Seq60_MSE3391.csv
Univariate,Linear,RevIN,Huber,NoHMM,480,4888.05078125,Sub_Univariate_Linear_RevIN_Huber_NoHMM_Seq480_MSE4888.csv
Univariate,Linear,RevIN,MSE,NoHMM,480,4888.3125,Sub_Univariate_Linear_RevIN_MSE_NoHMM_Seq480_MSE4888.csv
Univariate,Linear,RevIN,MAE,NoHMM,480,4892.6337890625,Sub_Univariate_Linear_RevIN_MAE_NoHMM_Seq480_MSE4893.csv
Multivariate,Linear,RevIN,MAE,NoHMM,480,5003.61328125,Sub_Multivariate_Linear_RevIN_MAE_NoHMM_Seq480_MSE5004.csv
Univariate,DLinear,RevIN,MAE,NoHMM,480,5056.5986328125,Sub_Univariate_DLinear_RevIN_MAE_NoHMM_Seq480_MSE5057.csv
Univariate,DLinear,RevIN,Huber,NoHMM,480,5073.13330078125,Sub_Univariate_DLinear_RevIN_Huber_NoHMM_Seq480_MSE5073.csv
Univariate,DLinear,RevIN,MSE,NoHMM,480,5073.298828125,Sub_Univariate_DLinear_RevIN_MSE_NoHMM_Seq480_MSE5073.csv
Multivariate,DLinear,RevIN,MAE,NoHMM,480,5426.4296875,Sub_Multivariate_DLinear_RevIN_MAE_NoHMM_Seq480_MSE5426.csv
Multivariate,Linear,RevIN,Huber,NoHMM,480,5518.8095703125,Sub_Multivariate_Linear_RevIN_Huber_NoHMM_Seq480_MSE5519.csv
Multivariate,Linear,RevIN,MSE,NoHMM,480,5518.88916015625,Sub_Multivariate_Linear_RevIN_MSE_NoHMM_Seq480_MSE5519.csv
Multivariate,DLinear,RevIN,Huber,NoHMM,480,5628.61181640625,Sub_Multivariate_DLinear_RevIN_Huber_NoHMM_Seq480_MSE5629.csv
Multivariate,DLinear,RevIN,MSE,NoHMM,480,5628.6767578125,Sub_Multivariate_DLinear_RevIN_MSE_NoHMM_Seq480_MSE5629.csv
